image name,AP,AP50,AP75,APsmall,APmedium,APlarge,AR1,AR10,AR100,ARsmall,ARmedium,ARlarge
ROW_13483_1.jpg.txt,0.8,1.0,1.0,-1,-1,0.8,0.8,0.8,0.8,-1,-1,0.8
0.txt,0.05,0.5,0.0,-1,0.05,-1,0.0,0.1,0.1,-1,0.1,-1
1.txt,0.6504950495049504,1.0,1.0,-1,0.6504950495049504,-1,0.35,0.65,0.65,-1,0.65,-1
10.txt,0.5514851485148516,0.8349834983498351,0.8349834983498351,-1,0.6,0.9,0.3,0.75,0.75,-1,0.6,0.9
100.txt,0.8,1.0,1.0,-1,0.8,-1,0.8,0.8,0.8,-1,0.8,-1
101.txt,0.7,1.0,1.0,-1,0.7,-1,0.7,0.7,0.7,-1,0.7,-1
102.txt,0.8,1.0,1.0,-1,0.8,-1,0.8,0.8,0.8,-1,0.8,-1
103.txt,0.3504950495049505,1.0,0.0,-1,0.3504950495049505,-1,0.15,0.4,0.4,-1,0.4,-1
104.txt,0.6,1.0,1.0,-1,0.6,-1,0.6,0.6,0.6,-1,0.6,-1
105.txt,0.9,1.0,1.0,-1,-1,0.9,0.9,0.9,0.9,-1,-1,0.9
106.txt,0.7,1.0,1.0,-1,-1,0.7,0.7,0.7,0.7,-1,-1,0.7
107.txt,0.7252475247524752,1.0,1.0,-1,-1,0.7252475247524752,0.35,0.75,0.75,-1,-1,0.75
108.txt,0.4504950495049506,0.6666666666666669,0.6666666666666669,-1,-1,0.700990099009901,0.0,0.7,0.7,-1,-1,0.7
109.txt,0.9,1.0,1.0,-1,0.9,-1,0.9,0.9,0.9,-1,0.9,-1
11.txt,0.9,1.0,1.0,-1,-1,0.9,0.9,0.9,0.9,-1,-1,0.9
110.txt,0.600990099009901,1.0,0.504950495049505,-1,0.600990099009901,-1,0.35,0.6,0.6,-1,0.6,-1
111.txt,0.9,1.0,1.0,-1,0.9,-1,0.9,0.9,0.9,-1,0.9,-1
112.txt,0.7,1.0,1.0,-1,0.7,-1,0.7,0.7,0.7,-1,0.7,-1
113.txt,0.7504950495049505,1.0,1.0,-1,0.7504950495049505,-1,0.4,0.75,0.75,-1,0.75,-1
114.txt,0.9,1.0,1.0,-1,0.9,-1,0.9,0.9,0.9,-1,0.9,-1
115.txt,0.8,1.0,1.0,-1,0.8,-1,0.8,0.8,0.8,-1,0.8,-1
ROW_13492_15.jpg.txt,0.8009900990099009,1.0,1.0,-1,0.7,0.9,0.45,0.8,0.8,-1,0.7,0.9
ROW_13539_11.jpg.txt,0.601980198019802,1.0,0.504950495049505,-1,0.601980198019802,-1,0.4,0.6,0.6,-1,0.6,-1
ROW_13561_7.jpg.txt,0.6,1.0,1.0,-1,0.6,-1,0.6,0.6,0.6,-1,0.6,-1
ROW_1363_14.jpg.txt,0.8,1.0,1.0,-1,-1,0.8,0.8,0.8,0.8,-1,-1,0.8
ROW_13659_8.jpg.txt,0.6,1.0,1.0,-1,-1,0.6,0.6,0.6,0.6,-1,-1,0.6
ROW_13670_1.jpg.txt,0.8,1.0,1.0,-1,-1,0.8,0.8,0.8,0.8,-1,-1,0.8
ROW_13682_5.jpg.txt,0.7,1.0,1.0,-1,-1,0.7,0.7,0.7,0.7,-1,-1,0.7
ROW_13739_15.jpg.txt,0.3,1.0,0.0,-1,0.3,-1,0.3,0.3,0.3,-1,0.3,-1
ROW_1373_15.jpg.txt,0.05,0.5,0.0,-1,0.05,-1,0.0,0.1,0.1,-1,0.1,-1
ROW_13833_15.jpg.txt,0.8,1.0,1.0,-1,-1,0.8,0.8,0.8,0.8,-1,-1,0.8
ROW_13844_9.jpg.txt,0.7,1.0,1.0,-1,0.7,-1,0.7,0.7,0.7,-1,0.7,-1
ROW_13886_8.jpg.txt,0.7,1.0,1.0,-1,-1,0.7,0.7,0.7,0.7,-1,-1,0.7
ROW_13976_11.jpg.txt,0.8,1.0,1.0,-1,0.8,-1,0.8,0.8,0.8,-1,0.8,-1
ROW_14019_1.jpg.txt,0.7504950495049505,1.0,1.0,-1,0.9,0.7,0.35,0.8,0.8,-1,0.9,0.7
ROW_14047_1.jpg.txt,0.7168316831683168,1.0,1.0,-1,0.7252475247524752,0.7,0.2333333333333333,0.7333333333333333,0.7333333333333333,-1,0.75,0.7
ROW_14068_11.jpg.txt,0.700990099009901,1.0,1.0,-1,0.700990099009901,-1,0.4,0.7,0.7,-1,0.7,-1
ROW_14074_7.jpg.txt,0.7,1.0,1.0,-1,0.7,-1,0.7,0.7,0.7,-1,0.7,-1
ROW_14109_7.jpg.txt,0.3,1.0,0.0,-1,0.3,-1,0.3,0.3,0.3,-1,0.3,-1
ROW_1410_7.jpg.txt,0.6504950495049504,1.0,1.0,-1,0.6504950495049504,-1,0.35,0.65,0.65,-1,0.65,-1
ROW_1422_4.jpg.txt,0.5495049504950495,1.0,0.6633663366336634,-1,0.5495049504950495,-1,0.2,0.5666666666666667,0.5666666666666667,-1,0.5666666666666667,-1
ROW_1444_15.jpg.txt,0.8,1.0,1.0,-1,0.8,-1,0.4,0.8,0.8,-1,0.8,-1
ROW_1451_4.jpg.txt,0.5475247524752476,0.6633663366336634,0.6633663366336634,-1,0.5475247524752476,-1,0.26666666666666666,0.5666666666666667,0.5666666666666667,-1,0.5666666666666667,-1
ROW_1481_15.jpg.txt,0.16831683168316833,0.33663366336633666,0.0,-1,0.0,0.5,0.16666666666666666,0.16666666666666666,0.16666666666666666,-1,0.0,0.5
ROW_1489_2.jpg.txt,0.45247524752475243,0.8349834983498351,0.504950495049505,-1,0.45247524752475243,-1,0.35,0.5,0.5,-1,0.5,-1
ROW_1504_5.jpg.txt,0.3,0.5,0.5,-1,0.3,-1,0.0,0.6,0.6,-1,0.6,-1
ROW_1516_2.jpg.txt,0.0,0.0,0.0,0.0,0.0,-1,0.0,0.0,0.0,0.0,0.0,-1
ROW_1566_2.jpg.txt,0.0,0.0,0.0,-1,0.0,-1,0.0,0.0,0.0,-1,0.0,-1
ROW_1614_7.jpg.txt,0.6504950495049504,1.0,1.0,-1,0.6504950495049504,-1,0.35,0.65,0.65,-1,0.65,-1
ROW_1651_1.jpg.txt,0.4,1.0,0.0,-1,0.4,-1,0.4,0.4,0.4,-1,0.4,-1
ROW_1927_14.jpg.txt,0.35,0.5,0.5,-1,0.35,-1,0.0,0.7,0.7,-1,0.7,-1
ROW_2113_9.jpg.txt,0.8,1.0,1.0,-1,0.8,-1,0.8,0.8,0.8,-1,0.8,-1
ROW_2114_9.jpg.txt,0.5,1.0,0.0,-1,0.5,-1,0.5,0.5,0.5,-1,0.5,-1
ROW_2279_15.jpg.txt,0.7,1.0,1.0,-1,-1,0.7,0.7,0.7,0.7,-1,-1,0.7
ROW_12026_6.jpg.txt,0.8,1.0,1.0,-1,-1,0.8,0.8,0.8,0.8,-1,-1,0.8
ROW_12039_3.jpg.txt,0.6252475247524752,1.0,1.0,-1,0.6252475247524752,-1,0.3,0.65,0.65,-1,0.65,-1
ROW_12050_4.jpg.txt,0.9,1.0,1.0,-1,0.9,-1,0.45,0.9,0.9,-1,0.9,-1
ROW_12062_12.jpg.txt,0.25,0.5,0.0,-1,-1,0.5,0.0,0.5,0.5,-1,-1,0.5
ROW_12088_12.jpg.txt,0.35346534653465345,0.504950495049505,0.504950495049505,-1,0.35346534653465345,-1,0.35,0.35,0.35,-1,0.35,-1
ROW_12126_8.jpg.txt,0.8,1.0,1.0,-1,0.8,0.8,0.4,0.8,0.8,-1,0.8,0.8
ROW_12134_3.jpg.txt,0.8,1.0,1.0,-1,-1,0.8,0.8,0.8,0.8,-1,-1,0.8
ROW_12144_14.jpg.txt,0.2524752475247525,0.504950495049505,0.0,-1,-1,0.2524752475247525,0.25,0.25,0.25,-1,-1,0.25
ROW_12183_8.jpg.txt,0.9,1.0,1.0,-1,0.9,-1,0.9,0.9,0.9,-1,0.9,-1
ROW_12199_9.jpg.txt,0.8,1.0,1.0,-1,0.8,-1,0.8,0.8,0.8,-1,0.8,-1
ROW_12321_10.jpg.txt,0.600990099009901,1.0,0.504950495049505,-1,0.600990099009901,-1,0.35,0.6,0.6,-1,0.6,-1
ROW_12332_8.jpg.txt,0.4,1.0,0.0,-1,0.4,-1,0.4,0.4,0.4,-1,0.4,-1
ROW_12349_2.jpg.txt,0.2524752475247525,0.504950495049505,0.0,0.0,0.5,-1,0.25,0.25,0.25,0.0,0.5,-1
ROW_12352_6.jpg.txt,0.15148514851485148,0.504950495049505,0.0,0.0,0.3,-1,0.15,0.15,0.15,0.0,0.3,-1
ROW_12434_4.jpg.txt,0.7,1.0,1.0,-1,0.7,-1,0.7,0.7,0.7,-1,0.7,-1
ROW_12441_5.jpg.txt,0.6,1.0,1.0,-1,0.6,-1,0.6,0.6,0.6,-1,0.6,-1
ROW_12479_1.jpg.txt,0.8,1.0,1.0,-1,-1,0.8,0.8,0.8,0.8,-1,-1,0.8
ROW_12568_1.jpg.txt,0.2,1.0,0.0,-1,0.2,-1,0.2,0.2,0.2,-1,0.2,-1
ROW_12625_4.jpg.txt,0.6,1.0,1.0,-1,-1,0.6,0.6,0.6,0.6,-1,-1,0.6
ROW_1262_10.jpg.txt,0.42524752475247524,1.0,0.0,-1,0.45049504950495045,-1,0.2,0.45,0.45,-1,0.45,-1
ROW_12685_15.jpg.txt,0.6,1.0,1.0,-1,0.6,-1,0.6,0.6,0.6,-1,0.6,-1
ROW_12758_1.jpg.txt,0.7,1.0,1.0,-1,-1,0.7,0.7,0.7,0.7,-1,-1,0.7
ROW_12768_3.jpg.txt,0.43168316831683173,0.6633663366336634,0.6633663366336634,-1,0.0,0.6504950495049504,0.2333333333333333,0.4333333333333333,0.4333333333333333,-1,0.0,0.65
ROW_12791_6.jpg.txt,0.4854785478547855,0.8349834983498351,0.504950495049505,-1,0.4854785478547855,-1,0.35,0.55,0.55,-1,0.55,-1
ROW_12813_14.jpg.txt,0.8,1.0,1.0,-1,-1,0.8,0.8,0.8,0.8,-1,-1,0.8
ROW_12824_15.jpg.txt,0.6,1.0,1.0,-1,-1,0.6,0.6,0.6,0.6,-1,-1,0.6
ROW_12920_5.jpg.txt,0.6336633663366337,1.0,1.0,-1,0.6,0.8,0.2,0.6666666666666666,0.6666666666666666,-1,0.6,0.8
ROW_12922_13.jpg.txt,0.6252475247524752,1.0,1.0,-1,0.6252475247524752,-1,0.3,0.65,0.65,-1,0.65,-1
ROW_12930_9.jpg.txt,0.7,1.0,1.0,-1,-1,0.7,0.7,0.7,0.7,-1,-1,0.7
ROW_12984_5.jpg.txt,0.8,1.0,1.0,-1,-1,0.8,0.8,0.8,0.8,-1,-1,0.8
ROW_13023_15.jpg.txt,0.9,1.0,1.0,-1,-1,0.9,0.9,0.9,0.9,-1,-1,0.9
ROW_13100_12.jpg.txt,0.7,1.0,1.0,-1,-1,0.7,0.7,0.7,0.7,-1,-1,0.7
ROW_13166_13.jpg.txt,0.9,1.0,1.0,-1,0.9,-1,0.9,0.9,0.9,-1,0.9,-1
ROW_13184_4.jpg.txt,0.6,1.0,1.0,-1,0.6,-1,0.6,0.6,0.6,-1,0.6,-1
ROW_13256_2.jpg.txt,0.4666666666666668,0.6666666666666669,0.6666666666666669,-1,0.7,-1,0.0,0.7,0.7,-1,0.7,-1
ROW_13277_15.jpg.txt,0.5514851485148516,0.8349834983498351,0.8349834983498351,-1,0.6,0.9,0.3,0.75,0.75,-1,0.6,0.9
ROW_13290_8.jpg.txt,0.300990099009901,0.6633663366336634,0.33663366336633666,0.0,0.2,0.7,0.2333333333333333,0.3,0.3,0.0,0.2,0.7
ROW_13293_1.jpg.txt,0.6,1.0,0.5544554455445546,-1,0.4757425742574258,0.8,0.26666666666666666,0.6333333333333333,0.6333333333333333,-1,0.55,0.8
ROW_13305_2.jpg.txt,0.4,1.0,0.0,-1,0.4,-1,0.4,0.4,0.4,-1,0.4,-1
ROW_13308_11.jpg.txt,0.9,1.0,1.0,-1,-1,0.9,0.9,0.9,0.9,-1,-1,0.9
ROW_13390_5.jpg.txt,0.8,1.0,1.0,-1,-1,0.8,0.8,0.8,0.8,-1,-1,0.8
ROW_13400_8.jpg.txt,0.8,1.0,1.0,-1,0.8,-1,0.8,0.8,0.8,-1,0.8,-1
ROW_13403_12.jpg.txt,0.8,1.0,1.0,-1,-1,0.8,0.8,0.8,0.8,-1,-1,0.8
116.txt,0.4,1.0,0.0,-1,0.4,-1,0.4,0.4,0.4,-1,0.4,-1
135.txt,0.5,1.0,0.0,-1,-1,0.5,0.5,0.5,0.5,-1,-1,0.5
154.txt,0.6158415841584158,1.0,0.6633663366336634,-1,-1,0.6158415841584158,0.2333333333333333,0.6333333333333333,0.6333333333333333,-1,-1,0.6333333333333333
173.txt,0.8,1.0,1.0,-1,-1,0.8,0.8,0.8,0.8,-1,-1,0.8
192.txt,0.35,0.5,0.5,-1,0.35,-1,0.0,0.7,0.7,-1,0.7,-1
210.txt,0.403960396039604,0.504950495049505,0.504950495049505,-1,0.0,0.8,0.4,0.4,0.4,-1,0.0,0.8
23.txt,0.7,1.0,1.0,-1,-1,0.7,0.7,0.7,0.7,-1,-1,0.7
249.txt,0.3,1.0,0.0,0.3,0.3,-1,0.15,0.3,0.3,0.3,0.3,-1
27.txt,0.7,1.0,1.0,-1,0.7,-1,0.7,0.7,0.7,-1,0.7,-1
289.txt,0.6,1.0,1.0,0.6,-1,-1,0.6,0.6,0.6,0.6,-1,-1
307.txt,0.8,1.0,1.0,-1,0.8,-1,0.4,0.8,0.8,-1,0.8,-1
326.txt,0.5,1.0,0.0,-1,0.5,-1,0.5,0.5,0.5,-1,0.5,-1
345.txt,0.8,1.0,1.0,-1,-1,0.8,0.8,0.8,0.8,-1,-1,0.8
364.txt,0.9,1.0,1.0,-1,0.9,-1,0.9,0.9,0.9,-1,0.9,-1
383.txt,0.5262376237623763,1.0,0.2524752475247525,-1,0.5262376237623763,-1,0.2,0.65,0.65,-1,0.65,-1
401.txt,0.30297029702970296,0.504950495049505,0.504950495049505,-1,0.30297029702970296,-1,0.3,0.3,0.3,-1,0.3,-1
420.txt,0.35346534653465345,0.504950495049505,0.504950495049505,-1,0.35346534653465345,-1,0.35,0.35,0.35,-1,0.35,-1
44.txt,0.9,1.0,1.0,-1,-1,0.9,0.9,0.9,0.9,-1,-1,0.9
46.txt,0.35346534653465345,0.504950495049505,0.504950495049505,-1,0.0,0.7,0.35,0.35,0.35,-1,0.0,0.7
479.txt,0.8,1.0,1.0,-1,-1,0.8,0.8,0.8,0.8,-1,-1,0.8
65.txt,0.6,1.0,1.0,-1,0.6,-1,0.6,0.6,0.6,-1,0.6,-1
9.txt,0.4666666666666668,0.6666666666666669,0.6666666666666669,-1,0.7,-1,0.0,0.7,0.7,-1,0.7,-1
ROW_10365_12.jpg.txt,0.7504950495049505,1.0,1.0,-1,0.7504950495049505,-1,0.4,0.75,0.75,-1,0.75,-1
ROW_1097_5.jpg.txt,0.4757425742574258,1.0,0.2524752475247525,-1,0.4757425742574258,-1,0.2,0.55,0.55,-1,0.55,-1
ROW_11390_8.jpg.txt,0.6326732673267327,1.0,0.6633663366336634,-1,0.6326732673267327,-1,0.2333333333333333,0.6333333333333333,0.6333333333333333,-1,0.6333333333333333,-1
ROW_12009_12.jpg.txt,0.35346534653465345,0.504950495049505,0.504950495049505,-1,0.0,0.7,0.35,0.35,0.35,-1,0.0,0.7
ROW_12624_15.jpg.txt,0.5,1.0,0.0,-1,0.5,-1,0.5,0.5,0.5,-1,0.5,-1
ROW_11433_5.jpg.txt,0.5,1.0,0.0,-1,0.5,-1,0.5,0.5,0.5,-1,0.5,-1
ROW_11476_13.jpg.txt,0.7,1.0,1.0,-1,0.7,-1,0.7,0.7,0.7,-1,0.7,-1
ROW_11529_3.jpg.txt,0.5,1.0,0.0,-1,0.5,-1,0.5,0.5,0.5,-1,0.5,-1
ROW_11602_5.jpg.txt,0.403960396039604,0.504950495049505,0.504950495049505,0.0,0.8,-1,0.4,0.4,0.4,0.0,0.8,-1
ROW_11643_9.jpg.txt,0.0,0.0,0.0,-1,-1,0.0,0.0,0.0,0.0,-1,-1,0.0
ROW_11660_12.jpg.txt,0.7,1.0,1.0,-1,0.7,-1,0.7,0.7,0.7,-1,0.7,-1
ROW_11670_1.jpg.txt,0.4544554455445544,0.504950495049505,0.504950495049505,-1,0.4544554455445544,-1,0.45,0.45,0.45,-1,0.45,-1
ROW_11678_3.jpg.txt,0.7504950495049505,1.0,1.0,-1,0.7504950495049505,-1,0.4,0.75,0.75,-1,0.75,-1
ROW_11739_15.jpg.txt,0.8,1.0,1.0,-1,0.8,-1,0.8,0.8,0.8,-1,0.8,-1
ROW_11810_8.jpg.txt,0.8,1.0,1.0,-1,0.8,-1,0.8,0.8,0.8,-1,0.8,-1
ROW_11838_3.jpg.txt,0.8,1.0,1.0,-1,0.8,-1,0.8,0.8,0.8,-1,0.8,-1
ROW_11914_5.jpg.txt,0.8,1.0,1.0,-1,-1,0.8,0.8,0.8,0.8,-1,-1,0.8
ROW_11915_15.jpg.txt,0.8,1.0,1.0,-1,-1,0.8,0.8,0.8,0.8,-1,-1,0.8
ROW_11935_7.jpg.txt,0.8,1.0,1.0,-1,-1,0.8,0.8,0.8,0.8,-1,-1,0.8
ROW_11947_5.jpg.txt,0.9,1.0,1.0,-1,-1,0.9,0.9,0.9,0.9,-1,-1,0.9
ROW_11972_7.jpg.txt,0.8,1.0,1.0,-1,-1,0.8,0.8,0.8,0.8,-1,-1,0.8
ROW_11980_9.jpg.txt,0.5349009900990099,0.6905940594059405,0.6905940594059405,-1,0.35346534653465345,0.8009900990099009,0.225,0.575,0.575,-1,0.35,0.8
ROW_10369_15.jpg.txt,0.7504950495049505,1.0,1.0,-1,0.7504950495049505,-1,0.4,0.75,0.75,-1,0.75,-1
ROW_10474_2.jpg.txt,0.9,1.0,1.0,-1,0.9,-1,0.9,0.9,0.9,-1,0.9,-1
ROW_10490_5.jpg.txt,0.6,1.0,1.0,-1,0.6,-1,0.6,0.6,0.6,-1,0.6,-1
ROW_10497_15.jpg.txt,0.6504950495049504,1.0,1.0,-1,0.6504950495049504,-1,0.35,0.65,0.65,-1,0.65,-1
ROW_10511_11.jpg.txt,0.6,1.0,1.0,-1,0.6,-1,0.3,0.6,0.6,-1,0.6,-1
ROW_10556_5.jpg.txt,0.8,1.0,1.0,-1,0.8,-1,0.8,0.8,0.8,-1,0.8,-1
ROW_10594_8.jpg.txt,0.7,1.0,1.0,-1,0.7,-1,0.7,0.7,0.7,-1,0.7,-1
ROW_10671_3.jpg.txt,0.6,1.0,1.0,-1,0.6,-1,0.6,0.6,0.6,-1,0.6,-1
ROW_10757_9.jpg.txt,0.8,1.0,1.0,-1,0.8,-1,0.8,0.8,0.8,-1,0.8,-1
ROW_10799_7.jpg.txt,0.8,1.0,1.0,-1,-1,0.8,0.8,0.8,0.8,-1,-1,0.8
ROW_10812_7.jpg.txt,0.6,1.0,1.0,-1,0.6,-1,0.6,0.6,0.6,-1,0.6,-1
ROW_10821_15.jpg.txt,0.8,1.0,1.0,-1,0.8,-1,0.8,0.8,0.8,-1,0.8,-1
ROW_10860_5.jpg.txt,0.7,1.0,1.0,-1,0.7,-1,0.7,0.7,0.7,-1,0.7,-1
ROW_10880_12.jpg.txt,0.8,1.0,1.0,-1,0.8,-1,0.8,0.8,0.8,-1,0.8,-1
ROW_10920_15.jpg.txt,0.3504950495049505,1.0,0.0,-1,0.3504950495049505,-1,0.15,0.4,0.4,-1,0.4,-1
ROW_10937_7.jpg.txt,0.6,1.0,1.0,-1,0.6,-1,0.6,0.6,0.6,-1,0.6,-1
ROW_10996_8.jpg.txt,0.9,1.0,1.0,-1,-1,0.9,0.9,0.9,0.9,-1,-1,0.9
ROW_10999_1.jpg.txt,0.7,1.0,1.0,-1,-1,0.7,0.7,0.7,0.7,-1,-1,0.7
ROW_11051_6.jpg.txt,0.7252475247524752,1.0,1.0,-1,-1,0.7252475247524752,0.35,0.75,0.75,-1,-1,0.75
ROW_11084_9.jpg.txt,0.4504950495049506,0.6666666666666669,0.6666666666666669,-1,-1,0.700990099009901,0.0,0.7,0.7,-1,-1,0.7
ROW_11098_12.jpg.txt,0.9,1.0,1.0,-1,0.9,-1,0.9,0.9,0.9,-1,0.9,-1
ROW_11137_2.jpg.txt,0.600990099009901,1.0,0.504950495049505,-1,0.600990099009901,-1,0.35,0.6,0.6,-1,0.6,-1
ROW_1114_13.jpg.txt,0.700990099009901,1.0,1.0,-1,0.700990099009901,-1,0.4,0.7,0.7,-1,0.7,-1
ROW_1116_10.jpg.txt,0.5844884488448846,0.8349834983498351,0.8349834983498351,-1,0.5844884488448846,-1,0.35,0.7,0.7,-1,0.7,-1
ROW_1117_10.jpg.txt,0.3501650165016502,0.6666666666666669,0.16831683168316833,-1,0.35858085808580864,-1,0.0,0.55,0.55,-1,0.55,-1
ROW_11206_9.jpg.txt,0.9,1.0,1.0,-1,0.9,-1,0.9,0.9,0.9,-1,0.9,-1
ROW_11216_2.jpg.txt,0.7,1.0,1.0,-1,0.7,-1,0.7,0.7,0.7,-1,0.7,-1
ROW_11245_4.jpg.txt,0.7504950495049505,1.0,1.0,-1,0.7504950495049505,-1,0.4,0.75,0.75,-1,0.75,-1
ROW_11257_7.jpg.txt,0.9,1.0,1.0,-1,0.9,-1,0.9,0.9,0.9,-1,0.9,-1
ROW_11273_1.jpg.txt,0.8,1.0,1.0,-1,0.8,-1,0.8,0.8,0.8,-1,0.8,-1
ROW_11283_10.jpg.txt,0.4,1.0,0.0,-1,0.4,-1,0.4,0.4,0.4,-1,0.4,-1
ROW_11289_2.jpg.txt,0.9,1.0,1.0,-1,0.9,-1,0.9,0.9,0.9,-1,0.9,-1
ROW_11345_7.jpg.txt,0.5757425742574258,1.0,0.2524752475247525,-1,0.5757425742574258,-1,0.25,0.65,0.65,-1,0.65,-1
ROW_1134_8.jpg.txt,0.8,1.0,1.0,-1,0.8,-1,0.8,0.8,0.8,-1,0.8,-1
ROW_11367_7.jpg.txt,0.31716171617161715,0.6039603960396039,0.2079207920792079,0.0,0.39471947194719476,-1,0.14,0.32,0.32,0.0,0.4,-1
ROW_11368_1.jpg.txt,0.35346534653465345,0.504950495049505,0.504950495049505,-1,0.35346534653465345,-1,0.175,0.35,0.35,-1,0.35,-1
ROW_11369_6.jpg.txt,0.35346534653465345,0.504950495049505,0.504950495049505,-1,0.35346534653465345,-1,0.35,0.35,0.35,-1,0.35,-1
ROW_2316_1.jpg.txt,0.35346534653465345,0.504950495049505,0.504950495049505,0.0,0.7,-1,0.35,0.35,0.35,0.0,0.7,-1
ROW_2390_12.jpg.txt,0.6,1.0,1.0,-1,-1,0.6,0.6,0.6,0.6,-1,-1,0.6
ROW_2410_2.jpg.txt,0.5,1.0,0.0,-1,-1,0.5,0.5,0.5,0.5,-1,-1,0.5
ROW_2457_4.jpg.txt,0.27574257425742577,1.0,0.0,-1,0.27574257425742577,-1,0.1,0.35,0.35,-1,0.35,-1
ROW_2496_2.jpg.txt,0.5171617161716173,0.6666666666666669,0.6666666666666669,-1,0.8009900990099009,-1,0.0,0.8,0.8,-1,0.8,-1
ROW_2503_6.jpg.txt,0.7,1.0,1.0,-1,0.7,-1,0.7,0.7,0.7,-1,0.7,-1
ROW_2540_6.jpg.txt,0.8,1.0,1.0,-1,-1,0.8,0.8,0.8,0.8,-1,-1,0.8
ROW_2595_14.jpg.txt,0.2,1.0,0.0,-1,-1,0.2,0.2,0.2,0.2,-1,-1,0.2
ROW_2619_14.jpg.txt,0.5,1.0,0.0,-1,0.5,-1,0.5,0.5,0.5,-1,0.5,-1
ROW_2621_11.jpg.txt,0.4,1.0,0.0,-1,0.4,-1,0.4,0.4,0.4,-1,0.4,-1
ROW_2657_10.jpg.txt,0.7,1.0,1.0,-1,0.7,-1,0.7,0.7,0.7,-1,0.7,-1
ROW_2663_15.jpg.txt,0.700990099009901,1.0,1.0,-1,0.700990099009901,-1,0.4,0.7,0.7,-1,0.7,-1
ROW_2674_6.jpg.txt,0.45049504950495045,1.0,0.16831683168316833,-1,0.45049504950495045,-1,0.13333333333333333,0.5,0.5,-1,0.5,-1
ROW_2688_15.jpg.txt,0.133993399339934,0.6666666666666669,0.0,-1,0.200990099009901,-1,0.0,0.3,0.3,-1,0.3,-1
ROW_2726_5.jpg.txt,0.6,1.0,1.0,-1,0.6,-1,0.6,0.6,0.6,-1,0.6,-1
ROW_2736_8.jpg.txt,0.8,1.0,1.0,-1,0.8,-1,0.8,0.8,0.8,-1,0.8,-1
ROW_9074_1.jpg.txt,0.9,1.0,1.0,-1,-1,0.9,0.9,0.9,0.9,-1,-1,0.9
ROW_9082_7.jpg.txt,0.7252475247524752,1.0,1.0,-1,0.7252475247524752,-1,0.35,0.75,0.75,-1,0.75,-1
ROW_9168_9.jpg.txt,0.4673267326732673,1.0,0.33663366336633666,-1,0.4673267326732673,-1,0.2,0.4666666666666667,0.4666666666666667,-1,0.4666666666666667,-1
ROW_9171_15.jpg.txt,0.6,1.0,1.0,-1,0.6,-1,0.6,0.6,0.6,-1,0.6,-1
ROW_9192_11.jpg.txt,0.42524752475247524,1.0,0.0,-1,0.42524752475247524,-1,0.2,0.45,0.45,-1,0.45,-1
ROW_9237_11.jpg.txt,0.8,1.0,1.0,-1,0.8,-1,0.8,0.8,0.8,-1,0.8,-1
ROW_9249_7.jpg.txt,0.8504950495049505,1.0,1.0,-1,0.9,0.8,0.45,0.85,0.85,-1,0.9,0.8
ROW_9261_11.jpg.txt,0.7504950495049505,1.0,1.0,-1,-1,0.7504950495049505,0.35,0.8,0.8,-1,-1,0.8
ROW_9310_1.jpg.txt,0.467986798679868,0.8349834983498351,0.504950495049505,-1,-1,0.5504950495049504,0.3,0.55,0.55,-1,-1,0.55
ROW_9327_14.jpg.txt,0.6,1.0,1.0,-1,-1,0.6,0.6,0.6,0.6,-1,-1,0.6
ROW_9340_15.jpg.txt,0.4919141914191421,0.6666666666666669,0.6666666666666669,-1,0.35,0.8,0.0,0.75,0.75,-1,0.7,0.8
ROW_9380_1.jpg.txt,0.6158415841584158,1.0,0.6633663366336634,-1,-1,0.6158415841584158,0.2333333333333333,0.6333333333333333,0.6333333333333333,-1,-1,0.6333333333333333
ROW_9388_15.jpg.txt,0.6,1.0,1.0,-1,-1,0.6,0.6,0.6,0.6,-1,-1,0.6
ROW_9452_9.jpg.txt,0.6,1.0,1.0,-1,-1,0.6,0.6,0.6,0.6,-1,-1,0.6
ROW_9455_12.jpg.txt,0.6252475247524752,1.0,1.0,-1,0.6,0.7,0.3,0.65,0.65,-1,0.6,0.7
ROW_9462_11.jpg.txt,0.8009900990099009,1.0,1.0,-1,0.7,0.9,0.45,0.8,0.8,-1,0.7,0.9
ROW_946_10.jpg.txt,0.5,1.0,0.0,-1,0.5,-1,0.5,0.5,0.5,-1,0.5,-1
ROW_9550_15.jpg.txt,0.5504950495049504,1.0,0.504950495049505,-1,0.6,0.5,0.3,0.55,0.55,-1,0.6,0.5
ROW_9552_1.jpg.txt,0.5775577557755776,1.0,0.5544554455445546,-1,0.5775577557755776,-1,0.2333333333333333,0.6333333333333333,0.6333333333333333,-1,0.6333333333333333,-1
ROW_9556_2.jpg.txt,0.4663366336633663,1.0,0.4422442244224422,-1,0.4663366336633663,-1,0.1,0.5666666666666667,0.5666666666666667,-1,0.5666666666666667,-1
ROW_9571_15.jpg.txt,0.0,0.0,0.0,-1,0.0,-1,0.0,0.0,0.0,-1,0.0,-1
ROW_9623_1.jpg.txt,0.7,1.0,1.0,-1,0.7,-1,0.7,0.7,0.7,-1,0.7,-1
ROW_9646_1.jpg.txt,0.7,1.0,1.0,-1,-1,0.7,0.7,0.7,0.7,-1,-1,0.7
ROW_969_8.jpg.txt,0.1,1.0,0.0,-1,0.1,-1,0.1,0.1,0.1,-1,0.1,-1
ROW_9715_2.jpg.txt,0.5,1.0,0.0,-1,0.5,-1,0.5,0.5,0.5,-1,0.5,-1
ROW_9724_1.jpg.txt,0.7514851485148515,1.0,1.0,-1,0.7514851485148515,-1,0.45,0.75,0.75,-1,0.75,-1
ROW_9747_3.jpg.txt,0.7,1.0,1.0,-1,-1,0.7,0.7,0.7,0.7,-1,-1,0.7
ROW_9755_5.jpg.txt,0.6,1.0,1.0,-1,0.6,-1,0.6,0.6,0.6,-1,0.6,-1
ROW_9765_10.jpg.txt,0.35346534653465345,0.504950495049505,0.504950495049505,-1,0.35346534653465345,-1,0.35,0.35,0.35,-1,0.35,-1
ROW_9802_10.jpg.txt,0.304950495049505,0.40594059405940597,0.40594059405940597,-1,0.304950495049505,-1,0.14,0.32,0.32,-1,0.32,-1
ROW_9818_5.jpg.txt,0.9,1.0,1.0,-1,-1,0.9,0.9,0.9,0.9,-1,-1,0.9
ROW_9845_11.jpg.txt,0.4,1.0,0.0,-1,0.4,-1,0.4,0.4,0.4,-1,0.4,-1
ROW_984_10.jpg.txt,0.100990099009901,0.504950495049505,0.0,0.0,0.2,-1,0.1,0.1,0.1,0.0,0.2,-1
ROW_9860_1.jpg.txt,0.8,1.0,1.0,-1,-1,0.8,0.8,0.8,0.8,-1,-1,0.8
ROW_9879_7.jpg.txt,0.5,1.0,0.0,-1,0.5,-1,0.5,0.5,0.5,-1,0.5,-1
ROW_9915_11.jpg.txt,0.5178217821782178,0.8349834983498351,0.8349834983498351,-1,0.6252475247524752,-1,0.3,0.65,0.65,-1,0.65,-1
ROW_991_1.jpg.txt,0.30297029702970296,0.504950495049505,0.504950495049505,0.0,0.6,-1,0.3,0.3,0.3,0.0,0.6,-1
ROW_9927_2.jpg.txt,0.7,1.0,1.0,-1,0.7,-1,0.7,0.7,0.7,-1,0.7,-1
ROW_993_2.jpg.txt,0.3,1.0,0.0,0.3,-1,-1,0.3,0.3,0.3,0.3,-1,-1
ROW_9949_3.jpg.txt,0.8,1.0,1.0,-1,0.8,-1,0.8,0.8,0.8,-1,0.8,-1
ROW_9964_2.jpg.txt,0.5,1.0,0.0,-1,0.5,-1,0.5,0.5,0.5,-1,0.5,-1
ROW_996_6.jpg.txt,0.0,0.0,0.0,0.0,-1,-1,0.0,0.0,0.0,0.0,-1,-1
ROW_9981_2.jpg.txt,0.8,1.0,1.0,-1,0.8,-1,0.8,0.8,0.8,-1,0.8,-1
ROW_876_3.jpg.txt,0.07722772277227723,0.25742574257425743,0.0,0.0,0.3,-1,0.075,0.075,0.075,0.0,0.3,-1
ROW_8787_15.jpg.txt,0.7504950495049505,1.0,1.0,-1,0.7504950495049505,-1,0.35,0.8,0.8,-1,0.8,-1
ROW_8793_12.jpg.txt,0.7,1.0,1.0,-1,-1,0.7,0.7,0.7,0.7,-1,-1,0.7
ROW_8813_6.jpg.txt,0.5534653465346535,1.0,0.504950495049505,-1,0.2,0.9,0.45,0.55,0.55,-1,0.2,0.9
ROW_8828_8.jpg.txt,0.2524752475247525,0.504950495049505,0.0,-1,0.2524752475247525,-1,0.25,0.25,0.25,-1,0.25,-1
ROW_884_1.jpg.txt,0.8,1.0,1.0,-1,0.8,-1,0.4,0.8,0.8,-1,0.8,-1
ROW_8857_1.jpg.txt,0.6,1.0,1.0,-1,-1,0.6,0.6,0.6,0.6,-1,-1,0.6
ROW_8862_10.jpg.txt,0.45148514851485155,1.0,0.504950495049505,-1,0.45148514851485155,-1,0.3,0.45,0.45,-1,0.45,-1
ROW_8880_2.jpg.txt,0.2957095709570957,0.6039603960396039,0.27062706270627057,0.0,0.4884488448844884,-1,0.08,0.32,0.32,0.0,0.5333333333333333,-1
ROW_8881_1.jpg.txt,0.403960396039604,0.504950495049505,0.504950495049505,-1,0.0,0.8,0.4,0.4,0.4,-1,0.0,0.8
ROW_8892_10.jpg.txt,0.9,1.0,1.0,-1,-1,0.9,0.9,0.9,0.9,-1,-1,0.9
ROW_8925_13.jpg.txt,0.8,1.0,1.0,-1,0.8,-1,0.8,0.8,0.8,-1,0.8,-1
ROW_8928_9.jpg.txt,0.8,1.0,1.0,-1,0.8,-1,0.8,0.8,0.8,-1,0.8,-1
ROW_893_2.jpg.txt,0.6,1.0,1.0,-1,0.6,-1,0.6,0.6,0.6,-1,0.6,-1
ROW_8983_7.jpg.txt,0.403960396039604,0.504950495049505,0.504950495049505,-1,0.0,0.8,0.4,0.4,0.4,-1,0.0,0.8
ROW_8998_1.jpg.txt,0.7,1.0,1.0,-1,-1,0.7,0.7,0.7,0.7,-1,-1,0.7
ROW_9025_11.jpg.txt,0.7,1.0,1.0,-1,0.7,-1,0.7,0.7,0.7,-1,0.7,-1
ROW_9049_11.jpg.txt,0.8252475247524753,1.0,1.0,-1,0.8,0.9,0.4,0.85,0.85,-1,0.8,0.9
ROW_7410_1.jpg.txt,0.5,1.0,0.0,-1,-1,0.5,0.5,0.5,0.5,-1,-1,0.5
ROW_7429_6.jpg.txt,0.403960396039604,0.504950495049505,0.504950495049505,-1,0.0,0.8,0.4,0.4,0.4,-1,0.0,0.8
ROW_7434_10.jpg.txt,0.4663366336633664,0.6633663366336634,0.33663366336633666,0.0,0.5,0.9,0.3,0.4666666666666666,0.4666666666666666,0.0,0.5,0.9
ROW_7442_1.jpg.txt,0.4,1.0,0.0,-1,-1,0.4,0.4,0.4,0.4,-1,-1,0.4
ROW_7446_2.jpg.txt,0.8,1.0,1.0,-1,0.8,-1,0.8,0.8,0.8,-1,0.8,-1
ROW_744_8.jpg.txt,0.5,1.0,0.0,-1,0.5,-1,0.5,0.5,0.5,-1,0.5,-1
ROW_7467_6.jpg.txt,0.3,1.0,0.0,0.3,0.3,-1,0.15,0.3,0.3,0.3,0.3,-1
ROW_7532_2.jpg.txt,0.7,1.0,1.0,-1,0.7,-1,0.7,0.7,0.7,-1,0.7,-1
ROW_7559_1.jpg.txt,0.6,1.0,1.0,-1,-1,0.6,0.6,0.6,0.6,-1,-1,0.6
ROW_7587_11.jpg.txt,0.2524752475247525,0.504950495049505,0.0,0.0,0.5,-1,0.25,0.25,0.25,0.0,0.5,-1
ROW_7619_14.jpg.txt,0.5252475247524753,1.0,0.2524752475247525,-1,0.6,0.5,0.25,0.55,0.55,-1,0.6,0.5
ROW_7681_1.jpg.txt,0.570049504950495,1.0,0.2524752475247525,-1,0.570049504950495,-1,0.125,0.675,0.675,-1,0.675,-1
ROW_7687_1.jpg.txt,0.25478547854785477,0.4422442244224422,0.16831683168316833,0.0,0.35,0.5,0.0,0.4,0.4,0.0,0.7,0.5
ROW_7725_4.jpg.txt,0.15247524752475247,0.504950495049505,0.12871287128712872,0.0,0.2,0.6,0.05,0.2,0.2,0.0,0.2,0.6
ROW_7741_8.jpg.txt,0.4,1.0,0.0,-1,-1,0.4,0.4,0.4,0.4,-1,-1,0.4
ROW_7756_13.jpg.txt,0.35346534653465345,0.504950495049505,0.504950495049505,0.0,0.7,-1,0.35,0.35,0.35,0.0,0.7,-1
ROW_780_14.jpg.txt,0.5049504950495048,0.504950495049505,0.504950495049505,0.0,1.0,-1,0.5,0.5,0.5,0.0,1.0,-1
ROW_7817_3.jpg.txt,0.201980198019802,0.504950495049505,0.0,-1,0.0,0.4,0.2,0.2,0.2,-1,0.0,0.4
ROW_7819_2.jpg.txt,0.9,1.0,1.0,-1,-1,0.9,0.9,0.9,0.9,-1,-1,0.9
ROW_7830_10.jpg.txt,0.300990099009901,1.0,0.2524752475247525,0.6,0.2,-1,0.1,0.4,0.4,0.6,0.2,-1
ROW_7870_2.jpg.txt,0.15148514851485148,0.504950495049505,0.0,0.0,0.3,-1,0.15,0.15,0.15,0.0,0.3,-1
ROW_7892_7.jpg.txt,0.2524752475247525,0.504950495049505,0.0,-1,0.2524752475247525,-1,0.25,0.25,0.25,-1,0.25,-1
ROW_7893_8.jpg.txt,0.2524752475247525,0.504950495049505,0.0,-1,0.2524752475247525,-1,0.25,0.25,0.25,-1,0.25,-1
ROW_7948_9.jpg.txt,0.4,1.0,0.0,-1,0.4,-1,0.4,0.4,0.4,-1,0.4,-1
ROW_7959_6.jpg.txt,0.6,1.0,1.0,-1,0.6,-1,0.6,0.6,0.6,-1,0.6,-1
ROW_8076_1.jpg.txt,0.7,1.0,1.0,-1,0.7,-1,0.35,0.7,0.7,-1,0.7,-1
ROW_809_10.jpg.txt,0.7,1.0,1.0,-1,0.7,-1,0.7,0.7,0.7,-1,0.7,-1
ROW_8129_11.jpg.txt,0.5900990099009901,1.0,0.33663366336633666,0.45,0.4,0.9,0.3,0.5999999999999999,0.5999999999999999,0.5,0.4,0.9
ROW_8132_15.jpg.txt,0.0,0.0,0.0,0.0,0.0,-1,0.0,0.0,0.0,0.0,0.0,-1
ROW_8176_6.jpg.txt,0.6666666666666667,1.0,1.0,-1,0.6504950495049504,0.8,0.2333333333333333,0.7,0.7,-1,0.65,0.8
ROW_820_1.jpg.txt,0.0,0.0,0.0,0.0,-1,-1,0.0,0.0,0.0,0.0,-1,-1
ROW_8291_12.jpg.txt,0.5,1.0,0.0,-1,-1,0.5,0.5,0.5,0.5,-1,-1,0.5
ROW_8297_1.jpg.txt,0.5,1.0,0.0,-1,-1,0.5,0.5,0.5,0.5,-1,-1,0.5
ROW_8299_3.jpg.txt,0.403960396039604,0.504950495049505,0.504950495049505,-1,0.0,0.8,0.4,0.4,0.4,-1,0.0,0.8
ROW_8335_7.jpg.txt,0.0,0.0,0.0,-1,0.0,0.0,0.0,0.0,0.0,-1,0.0,0.0
ROW_8364_15.jpg.txt,0.30297029702970296,0.504950495049505,0.504950495049505,-1,0.30297029702970296,-1,0.3,0.3,0.3,-1,0.3,-1
ROW_836_2.jpg.txt,0.0,0.0,0.0,0.0,0.0,-1,0.0,0.0,0.0,0.0,0.0,-1
ROW_8395_15.jpg.txt,0.35346534653465345,0.504950495049505,0.504950495049505,0.0,0.7,-1,0.35,0.35,0.35,0.0,0.7,-1
ROW_8400_8.jpg.txt,0.4,1.0,0.0,-1,0.4,-1,0.4,0.4,0.4,-1,0.4,-1
ROW_8511_7.jpg.txt,0.7,1.0,1.0,-1,0.7,-1,0.7,0.7,0.7,-1,0.7,-1
ROW_8517_1.jpg.txt,0.4653465346534654,0.6633663366336634,0.6633663366336634,-1,0.4653465346534654,-1,0.26666666666666666,0.4666666666666666,0.4666666666666666,-1,0.4666666666666666,-1
ROW_8520_7.jpg.txt,0.6336633663366337,1.0,1.0,-1,0.6336633663366337,-1,0.2333333333333333,0.6333333333333334,0.6333333333333334,-1,0.6333333333333334,-1
ROW_8578_12.jpg.txt,0.3336633663366337,0.6633663366336634,0.33663366336633666,0.0,0.501980198019802,-1,0.2333333333333333,0.3333333333333333,0.3333333333333333,0.0,0.5,-1
ROW_8594_1.jpg.txt,0.400990099009901,1.0,0.0,-1,0.3,0.5,0.25,0.4,0.4,-1,0.3,0.5
ROW_8629_4.jpg.txt,0.6504950495049504,1.0,1.0,-1,0.6504950495049504,-1,0.3,0.7,0.7,-1,0.7,-1
ROW_8678_2.jpg.txt,0.6514851485148515,1.0,0.504950495049505,-1,0.5,0.8,0.4,0.65,0.65,-1,0.5,0.8
ROW_6191_2.jpg.txt,0.4,1.0,0.0,-1,0.4,-1,0.4,0.4,0.4,-1,0.4,-1
ROW_6212_4.jpg.txt,0.201980198019802,0.504950495049505,0.0,-1,0.201980198019802,-1,0.2,0.2,0.2,-1,0.2,-1
ROW_6224_10.jpg.txt,0.403960396039604,0.504950495049505,0.504950495049505,-1,0.0,0.8,0.4,0.4,0.4,-1,0.0,0.8
ROW_6225_8.jpg.txt,0.6,1.0,1.0,-1,0.6,-1,0.6,0.6,0.6,-1,0.6,-1
ROW_6286_1.jpg.txt,0.5610561056105611,1.0,0.4422442244224422,-1,-1,0.5610561056105611,0.16666666666666666,0.6,0.6,-1,-1,0.6
ROW_6310_10.jpg.txt,0.6,1.0,1.0,-1,-1,0.6,0.6,0.6,0.6,-1,-1,0.6
ROW_6344_2.jpg.txt,0.4,0.5,0.5,-1,-1,0.8,0.0,0.8,0.8,-1,-1,0.8
ROW_6354_2.jpg.txt,0.35346534653465345,0.504950495049505,0.504950495049505,-1,0.0,0.7,0.35,0.35,0.35,-1,0.0,0.7
ROW_6360_9.jpg.txt,0.25,0.5,0.0,-1,-1,0.5,0.0,0.5,0.5,-1,-1,0.5
ROW_6370_3.jpg.txt,0.3579207920792079,0.5,0.3316831683168317,-1,0.3000000000000001,0.6514851485148515,0.0,0.7333333333333333,0.7333333333333333,-1,0.9,0.65
ROW_6375_10.jpg.txt,0.27574257425742577,1.0,0.0,-1,0.2,0.5,0.1,0.35,0.35,-1,0.2,0.5
ROW_6377_1.jpg.txt,0.5,1.0,0.0,-1,-1,0.5,0.5,0.5,0.5,-1,-1,0.5
ROW_6444_2.jpg.txt,0.3,1.0,0.0,-1,-1,0.3,0.3,0.3,0.3,-1,-1,0.3
ROW_6449_5.jpg.txt,0.5,1.0,0.0,-1,-1,0.5,0.5,0.5,0.5,-1,-1,0.5
ROW_6508_2.jpg.txt,0.7,1.0,1.0,-1,0.7,-1,0.7,0.7,0.7,-1,0.7,-1
ROW_6529_7.jpg.txt,0.7,1.0,1.0,-1,0.7,-1,0.7,0.7,0.7,-1,0.7,-1
ROW_6536_7.jpg.txt,0.8,1.0,1.0,-1,-1,0.8,0.8,0.8,0.8,-1,-1,0.8
ROW_6548_1.jpg.txt,0.8,1.0,1.0,-1,0.8,-1,0.4,0.8,0.8,-1,0.8,-1
ROW_6570_15.jpg.txt,0.7,1.0,1.0,-1,-1,0.7,0.7,0.7,0.7,-1,-1,0.7
ROW_6605_1.jpg.txt,0.4,1.0,0.0,-1,0.4,-1,0.4,0.4,0.4,-1,0.4,-1
ROW_6655_10.jpg.txt,0.7,1.0,1.0,-1,-1,0.7,0.7,0.7,0.7,-1,-1,0.7
ROW_6664_1.jpg.txt,0.7504950495049505,1.0,1.0,-1,0.7,0.8,0.4,0.75,0.75,-1,0.7,0.8
ROW_6687_2.jpg.txt,0.7504950495049505,1.0,1.0,-1,-1,0.7504950495049505,0.35,0.8,0.8,-1,-1,0.8
ROW_6694_7.jpg.txt,0.5359735973597359,0.8349834983498351,0.504950495049505,-1,0.2,0.8,0.4,0.6,0.6,-1,0.4,0.8
ROW_6776_15.jpg.txt,0.30297029702970296,0.504950495049505,0.504950495049505,0.30297029702970296,-1,-1,0.3,0.3,0.3,0.3,-1,-1
ROW_6779_6.jpg.txt,0.2,1.0,0.0,-1,0.2,-1,0.2,0.2,0.2,-1,0.2,-1
ROW_6838_5.jpg.txt,0.6,1.0,1.0,-1,0.6,-1,0.6,0.6,0.6,-1,0.6,-1
ROW_6849_1.jpg.txt,0.2,1.0,0.0,-1,0.2,-1,0.2,0.2,0.2,-1,0.2,-1
ROW_6942_2.jpg.txt,0.0,0.0,0.0,-1,0.0,-1,0.0,0.0,0.0,-1,0.0,-1
ROW_6983_5.jpg.txt,0.4,1.0,0.0,-1,0.4,-1,0.4,0.4,0.4,-1,0.4,-1
ROW_7007_2.jpg.txt,0.17574257425742573,1.0,0.0,-1,0.17574257425742573,-1,0.05,0.25,0.25,-1,0.25,-1
ROW_7016_5.jpg.txt,0.0,0.0,0.0,0.0,-1,-1,0.0,0.0,0.0,0.0,-1,-1
ROW_7035_2.jpg.txt,0.5,1.0,0.0,-1,0.5,-1,0.5,0.5,0.5,-1,0.5,-1
ROW_7037_1.jpg.txt,0.6,1.0,1.0,-1,0.6,-1,0.6,0.6,0.6,-1,0.6,-1
ROW_7037_14.jpg.txt,0.0,0.0,0.0,-1,0.0,-1,0.0,0.0,0.0,-1,0.0,-1
ROW_7038_9.jpg.txt,0.0,0.0,0.0,0.0,-1,-1,0.0,0.0,0.0,0.0,-1,-1
ROW_7039_2.jpg.txt,0.5,1.0,0.0,-1,0.5,-1,0.5,0.5,0.5,-1,0.5,-1
ROW_7050_5.jpg.txt,0.6,1.0,1.0,-1,-1,0.6,0.6,0.6,0.6,-1,-1,0.6
ROW_7123_2.jpg.txt,0.6,1.0,1.0,-1,0.6,-1,0.6,0.6,0.6,-1,0.6,-1
ROW_7189_9.jpg.txt,0.7,1.0,1.0,-1,0.7,-1,0.7,0.7,0.7,-1,0.7,-1
ROW_7202_1.jpg.txt,0.4,1.0,0.0,-1,-1,0.4,0.4,0.4,0.4,-1,-1,0.4
ROW_7205_2.jpg.txt,0.6,1.0,1.0,-1,-1,0.6,0.6,0.6,0.6,-1,-1,0.6
ROW_7218_3.jpg.txt,0.15,0.5,0.0,-1,-1,0.3,0.0,0.3,0.3,-1,-1,0.3
ROW_7220_4.jpg.txt,0.42524752475247524,1.0,0.0,-1,0.5,0.4,0.2,0.45,0.45,-1,0.5,0.4
ROW_7255_14.jpg.txt,1.0,1.0,1.0,-1,-1,1.0,1.0,1.0,1.0,-1,-1,1.0
ROW_7259_13.jpg.txt,0.4,1.0,0.0,-1,-1,0.4,0.4,0.4,0.4,-1,-1,0.4
ROW_7277_7.jpg.txt,0.7,1.0,1.0,-1,0.7,-1,0.7,0.7,0.7,-1,0.7,-1
ROW_7283_10.jpg.txt,0.2,1.0,0.0,-1,-1,0.2,0.2,0.2,0.2,-1,-1,0.2
ROW_7311_1.jpg.txt,0.6,1.0,1.0,-1,-1,0.6,0.6,0.6,0.6,-1,-1,0.6
ROW_7317_12.jpg.txt,0.601980198019802,1.0,0.504950495049505,-1,0.4,0.8,0.4,0.6,0.6,-1,0.4,0.8
ROW_7329_9.jpg.txt,0.4,1.0,0.0,-1,0.4,-1,0.4,0.4,0.4,-1,0.4,-1
ROW_7345_5.jpg.txt,0.201980198019802,0.504950495049505,0.0,-1,0.0,0.4,0.2,0.2,0.2,-1,0.0,0.4
ROW_5158_1.jpg.txt,0.7,1.0,1.0,-1,-1,0.7,0.7,0.7,0.7,-1,-1,0.7
ROW_518_1.jpg.txt,0.16831683168316833,0.33663366336633666,0.0,0.0,0.5,-1,0.16666666666666666,0.16666666666666666,0.16666666666666666,0.0,0.5,-1
ROW_5194_4.jpg.txt,0.8,1.0,1.0,-1,-1,0.8,0.8,0.8,0.8,-1,-1,0.8
ROW_5197_13.jpg.txt,0.0,0.0,0.0,-1,-1,0.0,0.0,0.0,0.0,-1,-1,0.0
ROW_5209_2.jpg.txt,0.5757425742574258,1.0,0.2524752475247525,-1,0.5757425742574258,-1,0.25,0.65,0.65,-1,0.65,-1
ROW_5212_4.jpg.txt,0.7504950495049505,1.0,1.0,-1,0.7504950495049505,-1,0.35,0.8,0.8,-1,0.8,-1
ROW_5245_14.jpg.txt,0.6,1.0,1.0,-1,-1,0.6,0.6,0.6,0.6,-1,-1,0.6
ROW_5276_5.jpg.txt,0.5475247524752476,0.6633663366336634,0.6633663366336634,0.8,0.0,0.9,0.26666666666666666,0.5666666666666667,0.5666666666666667,0.8,0.0,0.9
ROW_5317_5.jpg.txt,0.30297029702970296,0.33663366336633666,0.33663366336633666,0.0,0.4544554455445544,-1,0.3,0.3,0.3,0.0,0.45,-1
ROW_5338_1.jpg.txt,0.6252475247524752,1.0,1.0,0.7,0.6,-1,0.3,0.65,0.65,0.7,0.6,-1
ROW_5348_2.jpg.txt,0.5,1.0,0.0,-1,0.5,-1,0.5,0.5,0.5,-1,0.5,-1
ROW_5357_10.jpg.txt,0.9,1.0,1.0,-1,0.9,-1,0.9,0.9,0.9,-1,0.9,-1
ROW_539_5.jpg.txt,0.7504950495049505,1.0,1.0,-1,0.7504950495049505,-1,0.4,0.75,0.75,-1,0.75,-1
ROW_5413_9.jpg.txt,0.700990099009901,1.0,1.0,-1,0.700990099009901,-1,0.4,0.7,0.7,-1,0.7,-1
ROW_5419_7.jpg.txt,0.5514851485148514,1.0,0.2524752475247525,-1,0.4,1.0,0.2,0.7,0.7,-1,0.4,1.0
ROW_541_12.jpg.txt,0.4757425742574258,1.0,0.2524752475247525,-1,0.4757425742574258,-1,0.2,0.55,0.55,-1,0.55,-1
ROW_5440_1.jpg.txt,0.43168316831683173,0.6633663366336634,0.6633663366336634,0.0,0.6504950495049504,-1,0.2,0.4666666666666666,0.4666666666666666,0.0,0.7,-1
ROW_5475_9.jpg.txt,0.34851485148514855,0.6633663366336634,0.16831683168316833,0.0,0.5504950495049504,-1,0.16666666666666666,0.36666666666666664,0.36666666666666664,0.0,0.55,-1
ROW_5514_8.jpg.txt,0.403960396039604,0.504950495049505,0.504950495049505,0.0,0.8,-1,0.4,0.4,0.4,0.0,0.8,-1
ROW_5539_1.jpg.txt,0.35346534653465345,0.504950495049505,0.504950495049505,-1,0.7,0.0,0.35,0.35,0.35,-1,0.7,0.0
ROW_5573_1.jpg.txt,0.35346534653465345,0.504950495049505,0.504950495049505,0.0,0.7,-1,0.35,0.35,0.35,0.0,0.7,-1
ROW_5581_1.jpg.txt,0.7,1.0,1.0,-1,0.7,-1,0.7,0.7,0.7,-1,0.7,-1
ROW_5583_1.jpg.txt,0.7,1.0,1.0,-1,0.7,-1,0.7,0.7,0.7,-1,0.7,-1
ROW_5584_1.jpg.txt,0.6252475247524752,1.0,1.0,-1,0.6252475247524752,-1,0.3,0.65,0.65,-1,0.65,-1
ROW_5620_2.jpg.txt,0.402970297029703,1.0,0.504950495049505,-1,0.402970297029703,-1,0.35,0.4,0.4,-1,0.4,-1
ROW_5643_2.jpg.txt,0.4,1.0,0.0,-1,0.4,-1,0.4,0.4,0.4,-1,0.4,-1
ROW_5647_1.jpg.txt,0.35346534653465345,0.504950495049505,0.504950495049505,-1,0.0,0.7,0.35,0.35,0.35,-1,0.0,0.7
ROW_5711_7.jpg.txt,0.403960396039604,0.504950495049505,0.504950495049505,0.0,0.8,-1,0.4,0.4,0.4,0.0,0.8,-1
ROW_5716_2.jpg.txt,0.5,1.0,0.0,-1,0.5,-1,0.5,0.5,0.5,-1,0.5,-1
ROW_5732_1.jpg.txt,0.8,1.0,1.0,-1,0.8,-1,0.8,0.8,0.8,-1,0.8,-1
ROW_5750_10.jpg.txt,0.24356435643564361,0.40594059405940597,0.40594059405940597,0.0,0.30297029702970296,-1,0.12000000000000002,0.24000000000000005,0.24000000000000005,0.0,0.3,-1
ROW_5778_7.jpg.txt,0.5262376237623763,1.0,0.2524752475247525,-1,0.5262376237623763,-1,0.2,0.65,0.65,-1,0.65,-1
ROW_5781_15.jpg.txt,0.7227722772277227,1.0,1.0,-1,0.7514851485148515,0.7,0.3,0.7333333333333333,0.7333333333333333,-1,0.75,0.7
ROW_5785_6.jpg.txt,0.600990099009901,1.0,0.504950495049505,-1,0.600990099009901,-1,0.35,0.6,0.6,-1,0.6,-1
ROW_5839_8.jpg.txt,0.9,1.0,1.0,-1,-1,0.9,0.9,0.9,0.9,-1,-1,0.9
ROW_5846_2.jpg.txt,0.43168316831683173,0.6633663366336634,0.6633663366336634,-1,0.35346534653465345,0.6,0.2333333333333333,0.4333333333333333,0.4333333333333333,-1,0.35,0.6
ROW_5862_1.jpg.txt,0.9,1.0,1.0,-1,-1,0.9,0.9,0.9,0.9,-1,-1,0.9
ROW_5879_12.jpg.txt,0.36534653465346534,0.6633663366336634,0.16831683168316833,-1,0.2524752475247525,0.7,0.16666666666666666,0.4,0.4,-1,0.25,0.7
ROW_5906_3.jpg.txt,0.35346534653465345,0.504950495049505,0.504950495049505,0.0,0.35346534653465345,0.7,0.175,0.35,0.35,0.0,0.35,0.7
ROW_6011_8.jpg.txt,0.6,1.0,1.0,-1,-1,0.6,0.6,0.6,0.6,-1,-1,0.6
ROW_6028_1.jpg.txt,0.8,1.0,1.0,-1,-1,0.8,0.8,0.8,0.8,-1,-1,0.8
ROW_602_12.jpg.txt,0.45346534653465354,1.0,0.504950495049505,-1,0.45346534653465354,-1,0.4,0.45,0.45,-1,0.45,-1
ROW_605_2.jpg.txt,0.2,1.0,0.0,-1,0.2,-1,0.2,0.2,0.2,-1,0.2,-1
ROW_6061_9.jpg.txt,0.8,1.0,1.0,-1,-1,0.8,0.8,0.8,0.8,-1,-1,0.8
ROW_6064_3.jpg.txt,0.7,1.0,1.0,-1,0.7,-1,0.7,0.7,0.7,-1,0.7,-1
ROW_6069_3.jpg.txt,0.5,1.0,0.0,-1,0.5,-1,0.5,0.5,0.5,-1,0.5,-1
ROW_6081_9.jpg.txt,0.0,0.0,0.0,-1,0.0,-1,0.0,0.0,0.0,-1,0.0,-1
ROW_6091_4.jpg.txt,0.0,0.0,0.0,-1,0.0,-1,0.0,0.0,0.0,-1,0.0,-1
ROW_6098_12.jpg.txt,0.2,1.0,0.0,-1,0.2,-1,0.2,0.2,0.2,-1,0.2,-1
ROW_6104_13.jpg.txt,0.6,1.0,1.0,0.6,-1,-1,0.6,0.6,0.6,0.6,-1,-1
ROW_6115_4.jpg.txt,0.4343234323432344,0.8349834983498351,0.16831683168316833,-1,0.5,0.6,0.25,0.55,0.55,-1,0.5,0.6
ROW_4268_4.jpg.txt,0.35346534653465345,0.504950495049505,0.504950495049505,-1,0.35346534653465345,-1,0.35,0.35,0.35,-1,0.35,-1
ROW_4271_4.jpg.txt,0.5,1.0,0.0,-1,0.5,-1,0.5,0.5,0.5,-1,0.5,-1
ROW_4304_8.jpg.txt,0.7,1.0,1.0,-1,-1,0.7,0.7,0.7,0.7,-1,-1,0.7
ROW_4356_15.jpg.txt,0.6,1.0,1.0,-1,0.6,0.6,0.3,0.6,0.6,-1,0.6,0.6
ROW_4384_10.jpg.txt,0.7,1.0,1.0,-1,-1,0.7,0.2333333333333333,0.7,0.7,-1,-1,0.7
ROW_4394_6.jpg.txt,0.7326732673267327,1.0,1.0,-1,0.6,0.8,0.26666666666666666,0.7333333333333333,0.7333333333333333,-1,0.6,0.8
ROW_4502_5.jpg.txt,0.525,0.8341584158415841,0.3316831683168317,-1,-1,0.6438943894389438,0.16666666666666666,0.7333333333333333,0.7333333333333333,-1,-1,0.7333333333333333
ROW_4531_11.jpg.txt,0.7,1.0,1.0,-1,-1,0.7,0.7,0.7,0.7,-1,-1,0.7
ROW_4617_5.jpg.txt,0.4204620462046204,0.7524752475247525,0.25742574257425743,-1,0.4,0.5,0.2,0.425,0.425,-1,0.4,0.5
ROW_464_1.jpg.txt,0.5504950495049504,1.0,0.504950495049505,-1,0.5,0.6,0.3,0.55,0.55,-1,0.5,0.6
ROW_4666_11.jpg.txt,0.7,1.0,1.0,-1,0.7,0.7,0.35,0.7,0.7,-1,0.7,0.7
ROW_4669_5.jpg.txt,0.8,1.0,1.0,-1,-1,0.8,0.8,0.8,0.8,-1,-1,0.8
ROW_4693_12.jpg.txt,0.9,1.0,1.0,-1,0.9,-1,0.9,0.9,0.9,-1,0.9,-1
ROW_4742_15.jpg.txt,0.6252475247524752,1.0,1.0,-1,0.6252475247524752,-1,0.3,0.65,0.65,-1,0.65,-1
ROW_4819_12.jpg.txt,0.5475247524752476,0.6633663366336634,0.6633663366336634,0.0,0.9,0.8,0.26666666666666666,0.5666666666666667,0.5666666666666667,0.0,0.9,0.8
ROW_4838_9.jpg.txt,0.2524752475247525,0.504950495049505,0.0,0.0,0.5,-1,0.25,0.25,0.25,0.0,0.5,-1
ROW_486_2.jpg.txt,0.5,1.0,0.0,-1,0.5,-1,0.25,0.5,0.5,-1,0.5,-1
ROW_4922_1.jpg.txt,0.6,1.0,1.0,-1,0.6,-1,0.6,0.6,0.6,-1,0.6,-1
ROW_4930_3.jpg.txt,0.4782178217821782,0.7524752475247525,0.504950495049505,-1,0.2524752475247525,0.700990099009901,0.2,0.475,0.475,-1,0.25,0.7
ROW_4940_1.jpg.txt,0.8504950495049505,1.0,1.0,-1,-1,0.8504950495049505,0.45,0.85,0.85,-1,-1,0.85
ROW_4943_8.jpg.txt,0.43696369636963694,0.7524752475247525,0.4224422442244225,0.0,0.45049504950495045,0.8,0.2,0.45,0.45,0.0,0.5,0.8
ROW_4966_3.jpg.txt,0.201980198019802,0.504950495049505,0.0,-1,0.0,0.4,0.2,0.2,0.2,-1,0.0,0.4
ROW_4972_10.jpg.txt,0.8,1.0,1.0,-1,-1,0.8,0.8,0.8,0.8,-1,-1,0.8
ROW_4976_2.jpg.txt,0.403960396039604,0.504950495049505,0.504950495049505,-1,-1,0.403960396039604,0.4,0.4,0.4,-1,-1,0.4
ROW_4977_2.jpg.txt,0.6524752475247524,1.0,0.504950495049505,-1,0.4,0.9,0.45,0.65,0.65,-1,0.4,0.9
ROW_4991_6.jpg.txt,0.7504950495049505,1.0,1.0,-1,0.9,0.7,0.35,0.8,0.8,-1,0.9,0.7
ROW_5020_10.jpg.txt,0.7,1.0,1.0,-1,-1,0.7,0.7,0.7,0.7,-1,-1,0.7
ROW_5070_9.jpg.txt,0.7,1.0,1.0,-1,-1,0.7,0.7,0.7,0.7,-1,-1,0.7
ROW_5087_5.jpg.txt,0.6,1.0,1.0,-1,0.6,-1,0.3,0.6,0.6,-1,0.6,-1
ROW_5102_2.jpg.txt,0.8554455445544555,1.0,1.0,-1,0.8554455445544555,-1,0.3,0.8666666666666666,0.8666666666666666,-1,0.8666666666666666,-1
ROW_5125_6.jpg.txt,0.2356435643564357,0.33663366336633666,0.33663366336633666,0.0,0.7,-1,0.2333333333333333,0.2333333333333333,0.2333333333333333,0.0,0.7,-1
ROW_3943_7.jpg.txt,0.2524752475247525,0.504950495049505,0.0,-1,0.0,0.5,0.25,0.25,0.25,-1,0.0,0.5
ROW_3975_7.jpg.txt,0.5252475247524753,1.0,0.2524752475247525,-1,0.5,0.6,0.25,0.55,0.55,-1,0.5,0.6
ROW_3985_15.jpg.txt,0.3,1.0,0.0,-1,-1,0.3,0.3,0.3,0.3,-1,-1,0.3
ROW_3990_15.jpg.txt,0.0,0.0,0.0,-1,0.0,-1,0.0,0.0,0.0,-1,0.0,-1
ROW_4006_3.jpg.txt,0.42524752475247524,1.0,0.0,-1,0.42524752475247524,-1,0.2,0.45,0.45,-1,0.45,-1
ROW_4018_7.jpg.txt,0.5475247524752476,0.6633663366336634,0.6633663366336634,-1,0.5475247524752476,-1,0.26666666666666666,0.5666666666666667,0.5666666666666667,-1,0.5666666666666667,-1
ROW_402_32.jpg.txt,0.30297029702970296,0.504950495049505,0.504950495049505,-1,0.6,0.0,0.3,0.3,0.3,-1,0.6,0.0
ROW_4032_9.jpg.txt,0.7838283828382838,1.0,1.0,0.9,0.7663366336633664,-1,0.2,0.8,0.8,0.9,0.7666666666666666,-1
ROW_4059_11.jpg.txt,0.5,1.0,0.0,-1,0.5,-1,0.5,0.5,0.5,-1,0.5,-1
ROW_406_49.jpg.txt,0.100990099009901,0.504950495049505,0.0,-1,0.100990099009901,-1,0.1,0.1,0.1,-1,0.1,-1
ROW_4080_15.jpg.txt,0.1,1.0,0.0,-1,0.1,-1,0.1,0.1,0.1,-1,0.1,-1
ROW_4109_8.jpg.txt,0.8,1.0,1.0,-1,0.8,-1,0.8,0.8,0.8,-1,0.8,-1
ROW_4168_1.jpg.txt,0.7757425742574257,1.0,1.0,-1,0.7757425742574257,-1,0.35,0.85,0.85,-1,0.85,-1
ROW_4171_15.jpg.txt,0.6,1.0,1.0,-1,0.6,-1,0.6,0.6,0.6,-1,0.6,-1
ROW_4209_15.jpg.txt,0.3900990099009901,0.7524752475247525,0.504950495049505,0.0,0.5326732673267327,-1,0.15,0.4,0.4,0.0,0.5333333333333333,-1
ROW_4213_1.jpg.txt,0.5,1.0,0.0,-1,0.5,-1,0.5,0.5,0.5,-1,0.5,-1
ROW_2836_3.jpg.txt,0.30297029702970296,0.504950495049505,0.504950495049505,-1,0.30297029702970296,-1,0.3,0.3,0.3,-1,0.3,-1
ROW_2841_2.jpg.txt,0.2,0.5,0.0,-1,0.2,-1,0.0,0.4,0.4,-1,0.4,-1
ROW_2846_7.jpg.txt,0.8,1.0,1.0,-1,0.8,-1,0.8,0.8,0.8,-1,0.8,-1
ROW_2907_10.jpg.txt,0.5,1.0,0.0,-1,0.5,-1,0.5,0.5,0.5,-1,0.5,-1
ROW_2921_8.jpg.txt,0.7,1.0,1.0,-1,-1,0.7,0.7,0.7,0.7,-1,-1,0.7
ROW_2935_10.jpg.txt,0.8,1.0,1.0,-1,-1,0.8,0.8,0.8,0.8,-1,-1,0.8
ROW_2937_3.jpg.txt,0.1,1.0,0.0,-1,0.1,-1,0.1,0.1,0.1,-1,0.1,-1
ROW_2973_1.jpg.txt,0.3,1.0,0.0,-1,0.3,-1,0.3,0.3,0.3,-1,0.3,-1
ROW_2998_6.jpg.txt,0.9,1.0,1.0,-1,-1,0.9,0.9,0.9,0.9,-1,-1,0.9
ROW_3039_8.jpg.txt,0.6,1.0,1.0,-1,0.6,-1,0.6,0.6,0.6,-1,0.6,-1
ROW_3101_1.jpg.txt,0.5,1.0,0.0,-1,-1,0.5,0.5,0.5,0.5,-1,-1,0.5
ROW_3128_2.jpg.txt,0.5,1.0,0.0,-1,0.5,-1,0.5,0.5,0.5,-1,0.5,-1
ROW_3156_15.jpg.txt,0.3,1.0,0.0,-1,0.3,-1,0.3,0.3,0.3,-1,0.3,-1
ROW_3168_2.jpg.txt,0.6504950495049504,1.0,1.0,-1,0.6504950495049504,-1,0.35,0.65,0.65,-1,0.65,-1
ROW_3191_6.jpg.txt,0.5,1.0,0.0,-1,0.5,-1,0.5,0.5,0.5,-1,0.5,-1
ROW_3213_1.jpg.txt,0.4,1.0,0.0,-1,0.4,-1,0.4,0.4,0.4,-1,0.4,-1
ROW_3260_6.jpg.txt,0.3,1.0,0.0,-1,0.3,-1,0.3,0.3,0.3,-1,0.3,-1
ROW_3340_2.jpg.txt,0.6,1.0,1.0,-1,0.6,-1,0.6,0.6,0.6,-1,0.6,-1
ROW_3349_1.jpg.txt,0.6,1.0,1.0,-1,-1,0.6,0.6,0.6,0.6,-1,-1,0.6
ROW_3351_1.jpg.txt,0.6,1.0,1.0,-1,-1,0.6,0.6,0.6,0.6,-1,-1,0.6
ROW_340_38.jpg.txt,0.6,1.0,1.0,-1,0.6,-1,0.3,0.6,0.6,-1,0.6,-1
ROW_3434_2.jpg.txt,0.5,1.0,0.0,-1,0.5,-1,0.5,0.5,0.5,-1,0.5,-1
ROW_3516_7.jpg.txt,0.3,1.0,0.0,-1,0.3,-1,0.3,0.3,0.3,-1,0.3,-1
ROW_3527_1.jpg.txt,0.1,0.5,0.0,-1,0.2,-1,0.0,0.2,0.2,-1,0.2,-1
ROW_3533_3.jpg.txt,0.7,1.0,1.0,-1,0.7,-1,0.7,0.7,0.7,-1,0.7,-1
ROW_3548_1.jpg.txt,0.7,1.0,1.0,-1,-1,0.7,0.7,0.7,0.7,-1,-1,0.7
ROW_3590_1.jpg.txt,0.25,0.5,0.0,-1,0.25,-1,0.0,0.5,0.5,-1,0.5,-1
ROW_3594_10.jpg.txt,0.8,1.0,1.0,-1,-1,0.8,0.8,0.8,0.8,-1,-1,0.8
ROW_3597_6.jpg.txt,0.8,1.0,1.0,-1,-1,0.8,0.8,0.8,0.8,-1,-1,0.8
ROW_3600_1.jpg.txt,0.6,1.0,1.0,-1,-1,0.6,0.6,0.6,0.6,-1,-1,0.6
ROW_3628_2.jpg.txt,0.23234323432343232,0.4422442244224422,0.1122112211221122,-1,0.34851485148514855,-1,0.0,0.36666666666666664,0.36666666666666664,-1,0.36666666666666664,-1
ROW_3647_7.jpg.txt,0.5,1.0,0.0,-1,0.5,-1,0.5,0.5,0.5,-1,0.5,-1
ROW_3670_4.jpg.txt,0.0,0.0,0.0,-1,0.0,-1,0.0,0.0,0.0,-1,0.0,-1
ROW_3679_2.jpg.txt,0.0,0.0,0.0,-1,0.0,-1,0.0,0.0,0.0,-1,0.0,-1
ROW_372_53.jpg.txt,0.08316831683168316,0.2079207920792079,0.0,0.0,0.4,-1,0.08,0.08,0.08,0.0,0.4,-1
ROW_3745_4.jpg.txt,0.2821782178217822,0.6633663366336634,0.0,0.0,0.42524752475247524,-1,0.13333333333333333,0.3,0.3,0.0,0.45,-1
ROW_3781_9.jpg.txt,0.26633663366336635,1.0,0.0,-1,0.26633663366336635,-1,0.1,0.26666666666666666,0.26666666666666666,-1,0.26666666666666666,-1
ROW_3795_2.jpg.txt,0.0,0.0,0.0,0.0,-1,-1,0.0,0.0,0.0,0.0,-1,-1
ROW_3817_6.jpg.txt,0.30297029702970296,0.504950495049505,0.504950495049505,-1,0.30297029702970296,-1,0.3,0.3,0.3,-1,0.3,-1
ROW_3854_11.jpg.txt,0.1,1.0,0.0,-1,0.1,-1,0.1,0.1,0.1,-1,0.1,-1
ROW_3872_15.jpg.txt,0.9,1.0,1.0,-1,0.9,-1,0.9,0.9,0.9,-1,0.9,-1
ROW_3895_8.jpg.txt,0.7,1.0,1.0,-1,0.7,-1,0.7,0.7,0.7,-1,0.7,-1
ROW_3917_11.jpg.txt,0.500990099009901,1.0,0.504950495049505,-1,0.6,0.4,0.3,0.5,0.5,-1,0.6,0.4
90.txt,0.9,1.0,1.0,-1,0.9,-1,0.9,0.9,0.9,-1,0.9,-1
91.txt,0.6,1.0,1.0,-1,0.6,-1,0.6,0.6,0.6,-1,0.6,-1
92.txt,0.6504950495049504,1.0,1.0,-1,0.6504950495049504,-1,0.35,0.65,0.65,-1,0.65,-1
93.txt,0.6,1.0,1.0,-1,0.6,-1,0.3,0.6,0.6,-1,0.6,-1
94.txt,0.8,1.0,1.0,-1,0.8,-1,0.8,0.8,0.8,-1,0.8,-1
95.txt,0.7,1.0,1.0,-1,0.7,-1,0.7,0.7,0.7,-1,0.7,-1
96.txt,0.6,1.0,1.0,-1,0.6,-1,0.6,0.6,0.6,-1,0.6,-1
97.txt,0.8,1.0,1.0,-1,0.8,-1,0.8,0.8,0.8,-1,0.8,-1
98.txt,0.8,1.0,1.0,-1,-1,0.8,0.8,0.8,0.8,-1,-1,0.8
99.txt,0.6,1.0,1.0,-1,0.6,-1,0.6,0.6,0.6,-1,0.6,-1
ROW_10011_7.jpg.txt,0.7,1.0,1.0,-1,0.7,-1,0.35,0.7,0.7,-1,0.7,-1
ROW_10036_2.jpg.txt,0.6,1.0,1.0,-1,0.6,-1,0.6,0.6,0.6,-1,0.6,-1
ROW_10056_15.jpg.txt,0.6,1.0,1.0,-1,0.6,-1,0.6,0.6,0.6,-1,0.6,-1
ROW_1005_7.jpg.txt,0.35346534653465345,0.504950495049505,0.504950495049505,-1,0.35346534653465345,-1,0.35,0.35,0.35,-1,0.35,-1
ROW_10141_15.jpg.txt,0.6,1.0,1.0,-1,0.6,-1,0.6,0.6,0.6,-1,0.6,-1
ROW_10143_10.jpg.txt,0.7,1.0,1.0,-1,0.7,-1,0.7,0.7,0.7,-1,0.7,-1
ROW_10157_7.jpg.txt,0.8,1.0,1.0,-1,0.8,-1,0.8,0.8,0.8,-1,0.8,-1
ROW_10190_8.jpg.txt,0.7,1.0,1.0,-1,0.7,-1,0.7,0.7,0.7,-1,0.7,-1
ROW_10199_4.jpg.txt,0.7,1.0,1.0,-1,0.7,0.7,0.35,0.7,0.7,-1,0.7,0.7
ROW_10220_12.jpg.txt,0.600990099009901,1.0,0.2524752475247525,-1,0.5,0.9,0.25,0.7,0.7,-1,0.5,0.9
ROW_10242_5.jpg.txt,0.8,1.0,1.0,-1,0.8,-1,0.4,0.8,0.8,-1,0.8,-1
ROW_10252_5.jpg.txt,0.6,1.0,1.0,-1,-1,0.6,0.6,0.6,0.6,-1,-1,0.6
ROW_10255_9.jpg.txt,0.6,1.0,1.0,-1,-1,0.6,0.6,0.6,0.6,-1,-1,0.6
ROW_10278_3.jpg.txt,0.7,1.0,1.0,-1,-1,0.7,0.7,0.7,0.7,-1,-1,0.7
ROW_10279_7.jpg.txt,1.0,1.0,1.0,-1,-1,1.0,1.0,1.0,1.0,-1,-1,1.0
ROW_10329_7.jpg.txt,0.35,0.5,0.5,-1,-1,0.7,0.0,0.7,0.7,-1,-1,0.7
ROW_10336_3.jpg.txt,0.8,1.0,1.0,-1,-1,0.8,0.8,0.8,0.8,-1,-1,0.8
ROW_10346_2.jpg.txt,0.9,1.0,1.0,-1,-1,0.9,0.9,0.9,0.9,-1,-1,0.9
270.txt,0.0,0.0,0.0,0.0,0.0,-1,0.0,0.0,0.0,0.0,0.0,-1
271.txt,0.6666666666666667,1.0,1.0,-1,0.6504950495049504,0.8,0.2333333333333333,0.7,0.7,-1,0.65,0.8
272.txt,0.0,0.0,0.0,-1,0.0,0.0,0.0,0.0,0.0,-1,0.0,0.0
273.txt,0.30297029702970296,0.504950495049505,0.504950495049505,-1,0.30297029702970296,-1,0.3,0.3,0.3,-1,0.3,-1
274.txt,0.35346534653465345,0.504950495049505,0.504950495049505,0.0,0.7,-1,0.35,0.35,0.35,0.0,0.7,-1
275.txt,0.4,1.0,0.0,-1,0.4,-1,0.4,0.4,0.4,-1,0.4,-1
276.txt,0.7,1.0,1.0,-1,0.7,-1,0.7,0.7,0.7,-1,0.7,-1
277.txt,0.4653465346534654,0.6633663366336634,0.6633663366336634,-1,0.4653465346534654,-1,0.26666666666666666,0.4666666666666666,0.4666666666666666,-1,0.4666666666666666,-1
278.txt,0.6336633663366337,1.0,1.0,-1,0.6336633663366337,-1,0.2333333333333333,0.6333333333333334,0.6333333333333334,-1,0.6333333333333334,-1
279.txt,0.45346534653465354,1.0,0.504950495049505,-1,0.45346534653465354,-1,0.4,0.45,0.45,-1,0.45,-1
28.txt,0.3,1.0,0.0,-1,0.3,-1,0.3,0.3,0.3,-1,0.3,-1
280.txt,0.2,1.0,0.0,-1,0.2,-1,0.2,0.2,0.2,-1,0.2,-1
281.txt,0.6,1.0,1.0,-1,-1,0.6,0.6,0.6,0.6,-1,-1,0.6
282.txt,0.8,1.0,1.0,-1,-1,0.8,0.8,0.8,0.8,-1,-1,0.8
283.txt,0.8,1.0,1.0,-1,-1,0.8,0.8,0.8,0.8,-1,-1,0.8
284.txt,0.7,1.0,1.0,-1,0.7,-1,0.7,0.7,0.7,-1,0.7,-1
285.txt,0.5,1.0,0.0,-1,0.5,-1,0.5,0.5,0.5,-1,0.5,-1
286.txt,0.0,0.0,0.0,-1,0.0,-1,0.0,0.0,0.0,-1,0.0,-1
287.txt,0.0,0.0,0.0,-1,0.0,-1,0.0,0.0,0.0,-1,0.0,-1
288.txt,0.2,1.0,0.0,-1,0.2,-1,0.2,0.2,0.2,-1,0.2,-1
460.txt,0.6,1.0,1.0,-1,0.6,-1,0.6,0.6,0.6,-1,0.6,-1
461.txt,0.5,1.0,0.0,-1,-1,0.5,0.5,0.5,0.5,-1,-1,0.5
462.txt,0.5,1.0,0.0,-1,0.5,-1,0.5,0.5,0.5,-1,0.5,-1
463.txt,0.3,1.0,0.0,-1,0.3,-1,0.3,0.3,0.3,-1,0.3,-1
464.txt,0.6504950495049504,1.0,1.0,-1,0.6504950495049504,-1,0.35,0.65,0.65,-1,0.65,-1
465.txt,0.5,1.0,0.0,-1,0.5,-1,0.5,0.5,0.5,-1,0.5,-1
466.txt,0.4,1.0,0.0,-1,0.4,-1,0.4,0.4,0.4,-1,0.4,-1
467.txt,0.5,1.0,0.0,-1,0.5,-1,0.5,0.5,0.5,-1,0.5,-1
468.txt,0.3,1.0,0.0,-1,0.3,-1,0.3,0.3,0.3,-1,0.3,-1
469.txt,0.6,1.0,1.0,-1,0.6,-1,0.6,0.6,0.6,-1,0.6,-1
47.txt,0.8,1.0,1.0,-1,-1,0.8,0.8,0.8,0.8,-1,-1,0.8
470.txt,0.6,1.0,1.0,-1,-1,0.6,0.6,0.6,0.6,-1,-1,0.6
471.txt,0.6,1.0,1.0,-1,-1,0.6,0.6,0.6,0.6,-1,-1,0.6
472.txt,0.5,1.0,0.0,-1,0.5,-1,0.5,0.5,0.5,-1,0.5,-1
473.txt,0.3,1.0,0.0,-1,0.3,-1,0.3,0.3,0.3,-1,0.3,-1
474.txt,0.1,0.5,0.0,-1,0.2,-1,0.0,0.2,0.2,-1,0.2,-1
475.txt,0.7,1.0,1.0,-1,0.7,-1,0.7,0.7,0.7,-1,0.7,-1
476.txt,0.7,1.0,1.0,-1,-1,0.7,0.7,0.7,0.7,-1,-1,0.7
477.txt,0.25,0.5,0.0,-1,0.25,-1,0.0,0.5,0.5,-1,0.5,-1
478.txt,0.8,1.0,1.0,-1,-1,0.8,0.8,0.8,0.8,-1,-1,0.8
66.txt,0.7,1.0,1.0,-1,-1,0.7,0.7,0.7,0.7,-1,-1,0.7
67.txt,0.4757425742574258,1.0,0.2524752475247525,-1,0.4757425742574258,-1,0.2,0.55,0.55,-1,0.55,-1
68.txt,0.700990099009901,1.0,1.0,-1,0.700990099009901,-1,0.4,0.7,0.7,-1,0.7,-1
69.txt,0.5844884488448846,0.8349834983498351,0.8349834983498351,-1,0.5844884488448846,-1,0.35,0.7,0.7,-1,0.7,-1
7.txt,0.9,1.0,1.0,-1,0.9,-1,0.9,0.9,0.9,-1,0.9,-1
70.txt,0.3501650165016502,0.6666666666666669,0.16831683168316833,-1,0.35858085808580864,-1,0.0,0.55,0.55,-1,0.55,-1
71.txt,0.8,1.0,1.0,-1,0.8,-1,0.8,0.8,0.8,-1,0.8,-1
72.txt,0.6,1.0,1.0,-1,0.6,-1,0.6,0.6,0.6,-1,0.6,-1
73.txt,0.6,1.0,1.0,-1,0.6,-1,0.6,0.6,0.6,-1,0.6,-1
74.txt,0.6,1.0,1.0,-1,0.6,-1,0.6,0.6,0.6,-1,0.6,-1
75.txt,0.7,1.0,1.0,-1,0.7,-1,0.7,0.7,0.7,-1,0.7,-1
76.txt,0.8,1.0,1.0,-1,0.8,-1,0.8,0.8,0.8,-1,0.8,-1
77.txt,0.7,1.0,1.0,-1,0.7,-1,0.7,0.7,0.7,-1,0.7,-1
78.txt,0.7,1.0,1.0,-1,0.7,0.7,0.35,0.7,0.7,-1,0.7,0.7
79.txt,0.600990099009901,1.0,0.2524752475247525,-1,0.5,0.9,0.25,0.7,0.7,-1,0.5,0.9
8.txt,0.6,1.0,1.0,-1,0.6,-1,0.6,0.6,0.6,-1,0.6,-1
80.txt,0.8,1.0,1.0,-1,0.8,-1,0.4,0.8,0.8,-1,0.8,-1
81.txt,0.6,1.0,1.0,-1,-1,0.6,0.6,0.6,0.6,-1,-1,0.6
82.txt,0.6,1.0,1.0,-1,-1,0.6,0.6,0.6,0.6,-1,-1,0.6
83.txt,0.7,1.0,1.0,-1,-1,0.7,0.7,0.7,0.7,-1,-1,0.7
84.txt,1.0,1.0,1.0,-1,-1,1.0,1.0,1.0,1.0,-1,-1,1.0
85.txt,0.35,0.5,0.5,-1,-1,0.7,0.0,0.7,0.7,-1,-1,0.7
86.txt,0.8,1.0,1.0,-1,-1,0.8,0.8,0.8,0.8,-1,-1,0.8
87.txt,0.9,1.0,1.0,-1,-1,0.9,0.9,0.9,0.9,-1,-1,0.9
88.txt,0.7504950495049505,1.0,1.0,-1,0.7504950495049505,-1,0.4,0.75,0.75,-1,0.75,-1
89.txt,0.7504950495049505,1.0,1.0,-1,0.7504950495049505,-1,0.4,0.75,0.75,-1,0.75,-1
117.txt,0.9,1.0,1.0,-1,0.9,-1,0.9,0.9,0.9,-1,0.9,-1
118.txt,0.5757425742574258,1.0,0.2524752475247525,-1,0.5757425742574258,-1,0.25,0.65,0.65,-1,0.65,-1
119.txt,0.6,1.0,1.0,-1,0.6,-1,0.3,0.6,0.6,-1,0.6,-1
12.txt,0.8,1.0,1.0,-1,-1,0.8,0.8,0.8,0.8,-1,-1,0.8
120.txt,0.7,1.0,1.0,-1,0.7,-1,0.7,0.7,0.7,-1,0.7,-1
121.txt,0.6,1.0,1.0,-1,0.6,-1,0.6,0.6,0.6,-1,0.6,-1
122.txt,0.5,1.0,0.0,-1,0.5,-1,0.5,0.5,0.5,-1,0.5,-1
123.txt,0.1,1.0,0.0,-1,0.1,-1,0.1,0.1,0.1,-1,0.1,-1
124.txt,0.100990099009901,0.504950495049505,0.0,0.0,0.2,-1,0.1,0.1,0.1,0.0,0.2,-1
125.txt,0.30297029702970296,0.504950495049505,0.504950495049505,0.0,0.6,-1,0.3,0.3,0.3,0.0,0.6,-1
126.txt,0.3,1.0,0.0,0.3,-1,-1,0.3,0.3,0.3,0.3,-1,-1
127.txt,0.0,0.0,0.0,0.0,-1,-1,0.0,0.0,0.0,0.0,-1,-1
128.txt,0.7,1.0,1.0,-1,-1,0.7,0.7,0.7,0.7,-1,-1,0.7
129.txt,0.7,1.0,1.0,-1,0.7,0.700990099009901,0.26666666666666666,0.7,0.7,-1,0.7,0.7
13.txt,0.8,1.0,1.0,-1,0.8,-1,0.8,0.8,0.8,-1,0.8,-1
130.txt,0.6,1.0,1.0,-1,-1,0.6,0.6,0.6,0.6,-1,-1,0.6
131.txt,0.201980198019802,0.504950495049505,0.0,-1,0.201980198019802,-1,0.2,0.2,0.2,-1,0.2,-1
132.txt,0.403960396039604,0.504950495049505,0.504950495049505,-1,0.0,0.8,0.4,0.4,0.4,-1,0.0,0.8
133.txt,0.6,1.0,1.0,-1,0.6,-1,0.6,0.6,0.6,-1,0.6,-1
134.txt,0.4,1.0,0.0,-1,0.4,-1,0.4,0.4,0.4,-1,0.4,-1
136.txt,0.5,1.0,0.0,-1,-1,0.5,0.5,0.5,0.5,-1,-1,0.5
137.txt,0.403960396039604,0.504950495049505,0.504950495049505,-1,0.0,0.8,0.4,0.4,0.4,-1,0.0,0.8
138.txt,0.9,1.0,1.0,-1,-1,0.9,0.9,0.9,0.9,-1,-1,0.9
139.txt,0.8,1.0,1.0,-1,0.8,-1,0.8,0.8,0.8,-1,0.8,-1
14.txt,0.8,1.0,1.0,-1,-1,0.8,0.8,0.8,0.8,-1,-1,0.8
140.txt,0.8,1.0,1.0,-1,0.8,-1,0.8,0.8,0.8,-1,0.8,-1
141.txt,0.7,1.0,1.0,-1,0.7,-1,0.7,0.7,0.7,-1,0.7,-1
142.txt,0.8252475247524753,1.0,1.0,-1,0.8,0.9,0.4,0.85,0.85,-1,0.8,0.9
143.txt,0.8,1.0,1.0,-1,0.8,-1,0.4,0.8,0.8,-1,0.8,-1
144.txt,0.9,1.0,1.0,-1,-1,0.9,0.9,0.9,0.9,-1,-1,0.9
145.txt,0.7252475247524752,1.0,1.0,-1,0.7252475247524752,-1,0.35,0.75,0.75,-1,0.75,-1
146.txt,0.4673267326732673,1.0,0.33663366336633666,-1,0.4673267326732673,-1,0.2,0.4666666666666667,0.4666666666666667,-1,0.4666666666666667,-1
147.txt,0.6,1.0,1.0,-1,0.6,-1,0.6,0.6,0.6,-1,0.6,-1
148.txt,0.8,1.0,1.0,-1,0.8,-1,0.8,0.8,0.8,-1,0.8,-1
149.txt,0.8504950495049505,1.0,1.0,-1,0.9,0.8,0.45,0.85,0.85,-1,0.9,0.8
15.txt,0.8,1.0,1.0,-1,-1,0.8,0.8,0.8,0.8,-1,-1,0.8
150.txt,0.7504950495049505,1.0,1.0,-1,-1,0.7504950495049505,0.35,0.8,0.8,-1,-1,0.8
151.txt,0.467986798679868,0.8349834983498351,0.504950495049505,-1,-1,0.5504950495049504,0.3,0.55,0.55,-1,-1,0.55
152.txt,0.6,1.0,1.0,-1,-1,0.6,0.6,0.6,0.6,-1,-1,0.6
153.txt,0.4919141914191421,0.6666666666666669,0.6666666666666669,-1,0.35,0.8,0.0,0.75,0.75,-1,0.7,0.8
155.txt,0.6,1.0,1.0,-1,-1,0.6,0.6,0.6,0.6,-1,-1,0.6
156.txt,0.6,1.0,1.0,-1,-1,0.6,0.6,0.6,0.6,-1,-1,0.6
157.txt,0.6252475247524752,1.0,1.0,-1,0.6,0.7,0.3,0.65,0.65,-1,0.6,0.7
158.txt,0.8009900990099009,1.0,1.0,-1,0.7,0.9,0.45,0.8,0.8,-1,0.7,0.9
159.txt,0.8663366336633663,1.0,1.0,-1,0.8663366336633663,-1,0.33333333333333337,0.8666666666666666,0.8666666666666666,-1,0.8666666666666666,-1
16.txt,0.8009900990099009,1.0,1.0,-1,0.7,0.9,0.45,0.8,0.8,-1,0.7,0.9
160.txt,0.5504950495049504,1.0,0.504950495049505,-1,0.6,0.5,0.3,0.55,0.55,-1,0.6,0.5
161.txt,0.5775577557755776,1.0,0.5544554455445546,-1,0.5775577557755776,-1,0.2333333333333333,0.6333333333333333,0.6333333333333333,-1,0.6333333333333333,-1
162.txt,0.4663366336633663,1.0,0.4422442244224422,-1,0.4663366336633663,-1,0.1,0.5666666666666667,0.5666666666666667,-1,0.5666666666666667,-1
163.txt,0.0,0.0,0.0,-1,0.0,-1,0.0,0.0,0.0,-1,0.0,-1
164.txt,0.7,1.0,1.0,-1,0.7,-1,0.7,0.7,0.7,-1,0.7,-1
165.txt,0.7,1.0,1.0,-1,-1,0.7,0.7,0.7,0.7,-1,-1,0.7
166.txt,0.5,1.0,0.0,-1,0.5,-1,0.5,0.5,0.5,-1,0.5,-1
167.txt,0.7514851485148515,1.0,1.0,-1,0.7514851485148515,-1,0.45,0.75,0.75,-1,0.75,-1
168.txt,0.7,1.0,1.0,-1,-1,0.7,0.7,0.7,0.7,-1,-1,0.7
169.txt,0.6,1.0,1.0,-1,0.6,-1,0.6,0.6,0.6,-1,0.6,-1
17.txt,0.601980198019802,1.0,0.504950495049505,-1,0.601980198019802,-1,0.4,0.6,0.6,-1,0.6,-1
170.txt,0.35346534653465345,0.504950495049505,0.504950495049505,-1,0.35346534653465345,-1,0.35,0.35,0.35,-1,0.35,-1
171.txt,0.9,1.0,1.0,-1,-1,0.9,0.9,0.9,0.9,-1,-1,0.9
172.txt,0.4,1.0,0.0,-1,0.4,-1,0.4,0.4,0.4,-1,0.4,-1
174.txt,0.5,1.0,0.0,-1,0.5,-1,0.5,0.5,0.5,-1,0.5,-1
175.txt,0.5178217821782178,0.8349834983498351,0.8349834983498351,-1,0.6252475247524752,-1,0.3,0.65,0.65,-1,0.65,-1
176.txt,0.7,1.0,1.0,-1,0.7,-1,0.7,0.7,0.7,-1,0.7,-1
177.txt,0.8,1.0,1.0,-1,0.8,-1,0.8,0.8,0.8,-1,0.8,-1
178.txt,0.5,1.0,0.0,-1,0.5,-1,0.5,0.5,0.5,-1,0.5,-1
179.txt,0.8,1.0,1.0,-1,0.8,-1,0.8,0.8,0.8,-1,0.8,-1
18.txt,0.6,1.0,1.0,-1,0.6,-1,0.6,0.6,0.6,-1,0.6,-1
180.txt,0.07722772277227723,0.25742574257425743,0.0,0.0,0.3,-1,0.075,0.075,0.075,0.0,0.3,-1
181.txt,0.8,1.0,1.0,-1,0.8,-1,0.4,0.8,0.8,-1,0.8,-1
182.txt,0.5495049504950495,1.0,0.6633663366336634,-1,0.5495049504950495,-1,0.2,0.5666666666666667,0.5666666666666667,-1,0.5666666666666667,-1
183.txt,0.8,1.0,1.0,-1,0.8,-1,0.4,0.8,0.8,-1,0.8,-1
184.txt,0.5475247524752476,0.6633663366336634,0.6633663366336634,-1,0.5475247524752476,-1,0.26666666666666666,0.5666666666666667,0.5666666666666667,-1,0.5666666666666667,-1
185.txt,0.16831683168316833,0.33663366336633666,0.0,-1,0.0,0.5,0.16666666666666666,0.16666666666666666,0.16666666666666666,-1,0.0,0.5
186.txt,0.45247524752475243,0.8349834983498351,0.504950495049505,-1,0.45247524752475243,-1,0.35,0.5,0.5,-1,0.5,-1
187.txt,0.3,0.5,0.5,-1,0.3,-1,0.0,0.6,0.6,-1,0.6,-1
188.txt,0.0,0.0,0.0,0.0,0.0,-1,0.0,0.0,0.0,0.0,0.0,-1
189.txt,0.0,0.0,0.0,-1,0.0,-1,0.0,0.0,0.0,-1,0.0,-1
19.txt,0.6,1.0,1.0,-1,-1,0.6,0.6,0.6,0.6,-1,-1,0.6
190.txt,0.6504950495049504,1.0,1.0,-1,0.6504950495049504,-1,0.35,0.65,0.65,-1,0.65,-1
191.txt,0.4,1.0,0.0,-1,0.4,-1,0.4,0.4,0.4,-1,0.4,-1
193.txt,0.8,1.0,1.0,-1,0.8,-1,0.8,0.8,0.8,-1,0.8,-1
194.txt,0.5,1.0,0.0,-1,0.5,-1,0.5,0.5,0.5,-1,0.5,-1
195.txt,0.35346534653465345,0.504950495049505,0.504950495049505,0.0,0.7,-1,0.35,0.35,0.35,0.0,0.7,-1
196.txt,0.45049504950495045,1.0,0.16831683168316833,-1,0.45049504950495045,-1,0.13333333333333333,0.5,0.5,-1,0.5,-1
197.txt,0.3336633663366337,0.6633663366336634,0.33663366336633666,0.0,0.501980198019802,-1,0.2333333333333333,0.3333333333333333,0.3333333333333333,0.0,0.5,-1
198.txt,0.400990099009901,1.0,0.0,-1,0.3,0.5,0.25,0.4,0.4,-1,0.3,0.5
199.txt,0.6504950495049504,1.0,1.0,-1,0.6504950495049504,-1,0.3,0.7,0.7,-1,0.7,-1
2.txt,0.4854785478547855,0.8349834983498351,0.504950495049505,-1,0.4854785478547855,-1,0.35,0.55,0.55,-1,0.55,-1
20.txt,0.7,1.0,1.0,-1,-1,0.7,0.7,0.7,0.7,-1,-1,0.7
200.txt,0.6514851485148515,1.0,0.504950495049505,-1,0.5,0.8,0.4,0.65,0.65,-1,0.5,0.8
201.txt,0.7,1.0,1.0,-1,0.7,0.7,0.35,0.7,0.7,-1,0.7,0.7
202.txt,0.7504950495049505,1.0,1.0,-1,0.7504950495049505,-1,0.35,0.8,0.8,-1,0.8,-1
203.txt,0.7,1.0,1.0,-1,-1,0.7,0.7,0.7,0.7,-1,-1,0.7
204.txt,0.5534653465346535,1.0,0.504950495049505,-1,0.2,0.9,0.45,0.55,0.55,-1,0.2,0.9
205.txt,0.2524752475247525,0.504950495049505,0.0,-1,0.2524752475247525,-1,0.25,0.25,0.25,-1,0.25,-1
206.txt,0.6,1.0,1.0,-1,-1,0.6,0.6,0.6,0.6,-1,-1,0.6
207.txt,0.45148514851485155,1.0,0.504950495049505,-1,0.45148514851485155,-1,0.3,0.45,0.45,-1,0.45,-1
208.txt,0.2957095709570957,0.6039603960396039,0.27062706270627057,0.0,0.4884488448844884,-1,0.08,0.32,0.32,0.0,0.5333333333333333,-1
209.txt,0.403960396039604,0.504950495049505,0.504950495049505,-1,0.0,0.8,0.4,0.4,0.4,-1,0.0,0.8
21.txt,0.3,1.0,0.0,-1,0.3,-1,0.3,0.3,0.3,-1,0.3,-1
211.txt,0.7,1.0,1.0,-1,-1,0.7,0.7,0.7,0.7,-1,-1,0.7
212.txt,0.42524752475247524,1.0,0.0,-1,0.42524752475247524,-1,0.2,0.45,0.45,-1,0.45,-1
213.txt,0.304950495049505,0.40594059405940597,0.40594059405940597,-1,0.304950495049505,-1,0.14,0.32,0.32,-1,0.32,-1
214.txt,0.31716171617161715,0.6039603960396039,0.2079207920792079,0.0,0.39471947194719476,-1,0.14,0.32,0.32,0.0,0.4,-1
215.txt,0.35346534653465345,0.504950495049505,0.504950495049505,-1,0.35346534653465345,-1,0.175,0.35,0.35,-1,0.35,-1
216.txt,0.35346534653465345,0.504950495049505,0.504950495049505,-1,0.35346534653465345,-1,0.35,0.35,0.35,-1,0.35,-1
217.txt,0.403960396039604,0.504950495049505,0.504950495049505,0.0,0.8,-1,0.4,0.4,0.4,0.0,0.8,-1
218.txt,0.5349009900990099,0.6905940594059405,0.6905940594059405,-1,0.35346534653465345,0.8009900990099009,0.225,0.575,0.575,-1,0.35,0.8
219.txt,0.2524752475247525,0.504950495049505,0.0,0.0,0.5,-1,0.25,0.25,0.25,0.0,0.5,-1
22.txt,0.8,1.0,1.0,-1,-1,0.8,0.8,0.8,0.8,-1,-1,0.8
220.txt,0.15148514851485148,0.504950495049505,0.0,0.0,0.3,-1,0.15,0.15,0.15,0.0,0.3,-1
221.txt,0.6336633663366337,1.0,1.0,-1,0.6,0.8,0.2,0.6666666666666666,0.6666666666666666,-1,0.6,0.8
222.txt,0.6252475247524752,1.0,1.0,-1,0.6252475247524752,-1,0.3,0.65,0.65,-1,0.65,-1
223.txt,0.7,1.0,1.0,-1,-1,0.7,0.7,0.7,0.7,-1,-1,0.7
224.txt,0.7,1.0,1.0,-1,-1,0.7,0.7,0.7,0.7,-1,-1,0.7
225.txt,0.300990099009901,0.6633663366336634,0.33663366336633666,0.0,0.2,0.7,0.2333333333333333,0.3,0.3,0.0,0.2,0.7
226.txt,0.6,1.0,0.5544554455445546,-1,0.4757425742574258,0.8,0.26666666666666666,0.6333333333333333,0.6333333333333333,-1,0.55,0.8
227.txt,0.4,1.0,0.0,-1,0.4,-1,0.4,0.4,0.4,-1,0.4,-1
228.txt,0.8,1.0,1.0,-1,-1,0.8,0.8,0.8,0.8,-1,-1,0.8
229.txt,0.7,1.0,1.0,-1,0.7,-1,0.7,0.7,0.7,-1,0.7,-1
230.txt,0.7168316831683168,1.0,1.0,-1,0.7252475247524752,0.7,0.2333333333333333,0.7333333333333333,0.7333333333333333,-1,0.75,0.7
231.txt,0.5,1.0,0.0,-1,0.5,-1,0.5,0.5,0.5,-1,0.5,-1
232.txt,0.5049504950495048,0.504950495049505,0.504950495049505,0.0,1.0,-1,0.5,0.5,0.5,0.0,1.0,-1
233.txt,0.0,0.0,0.0,0.0,-1,-1,0.0,0.0,0.0,0.0,-1,-1
234.txt,0.0,0.0,0.0,0.0,0.0,-1,0.0,0.0,0.0,0.0,0.0,-1
235.txt,1.0,1.0,1.0,-1,-1,1.0,1.0,1.0,1.0,-1,-1,1.0
236.txt,0.4,1.0,0.0,-1,-1,0.4,0.4,0.4,0.4,-1,-1,0.4
237.txt,0.7,1.0,1.0,-1,0.7,-1,0.7,0.7,0.7,-1,0.7,-1
238.txt,0.2,1.0,0.0,-1,-1,0.2,0.2,0.2,0.2,-1,-1,0.2
239.txt,0.6,1.0,1.0,-1,-1,0.6,0.6,0.6,0.6,-1,-1,0.6
24.txt,0.8,1.0,1.0,-1,0.8,-1,0.8,0.8,0.8,-1,0.8,-1
240.txt,0.601980198019802,1.0,0.504950495049505,-1,0.4,0.8,0.4,0.6,0.6,-1,0.4,0.8
241.txt,0.4,1.0,0.0,-1,0.4,-1,0.4,0.4,0.4,-1,0.4,-1
242.txt,0.201980198019802,0.504950495049505,0.0,-1,0.0,0.4,0.2,0.2,0.2,-1,0.0,0.4
243.txt,0.6514851485148515,1.0,0.504950495049505,-1,0.5,0.8,0.4,0.65,0.65,-1,0.5,0.8
244.txt,0.5,1.0,0.0,-1,-1,0.5,0.5,0.5,0.5,-1,-1,0.5
245.txt,0.403960396039604,0.504950495049505,0.504950495049505,-1,0.0,0.8,0.4,0.4,0.4,-1,0.0,0.8
246.txt,0.4663366336633664,0.6633663366336634,0.33663366336633666,0.0,0.5,0.9,0.3,0.4666666666666666,0.4666666666666666,0.0,0.5,0.9
247.txt,0.4,1.0,0.0,-1,-1,0.4,0.4,0.4,0.4,-1,-1,0.4
248.txt,0.8,1.0,1.0,-1,0.8,-1,0.8,0.8,0.8,-1,0.8,-1
25.txt,0.7504950495049505,1.0,1.0,-1,0.9,0.7,0.35,0.8,0.8,-1,0.9,0.7
250.txt,0.7,1.0,1.0,-1,0.7,-1,0.7,0.7,0.7,-1,0.7,-1
251.txt,0.6,1.0,1.0,-1,-1,0.6,0.6,0.6,0.6,-1,-1,0.6
252.txt,0.2524752475247525,0.504950495049505,0.0,0.0,0.5,-1,0.25,0.25,0.25,0.0,0.5,-1
253.txt,0.5252475247524753,1.0,0.2524752475247525,-1,0.6,0.5,0.25,0.55,0.55,-1,0.6,0.5
254.txt,0.570049504950495,1.0,0.2524752475247525,-1,0.570049504950495,-1,0.125,0.675,0.675,-1,0.675,-1
255.txt,0.25478547854785477,0.4422442244224422,0.16831683168316833,0.0,0.35,0.5,0.0,0.4,0.4,0.0,0.7,0.5
256.txt,0.15247524752475247,0.504950495049505,0.12871287128712872,0.0,0.2,0.6,0.05,0.2,0.2,0.0,0.2,0.6
257.txt,0.4,1.0,0.0,-1,-1,0.4,0.4,0.4,0.4,-1,-1,0.4
258.txt,0.35346534653465345,0.504950495049505,0.504950495049505,0.0,0.7,-1,0.35,0.35,0.35,0.0,0.7,-1
259.txt,0.0,0.0,0.0,-1,0.0,-1,0.0,0.0,0.0,-1,0.0,-1
26.txt,0.700990099009901,1.0,1.0,-1,0.700990099009901,-1,0.4,0.7,0.7,-1,0.7,-1
260.txt,0.201980198019802,0.504950495049505,0.0,-1,0.0,0.4,0.2,0.2,0.2,-1,0.0,0.4
261.txt,0.9,1.0,1.0,-1,-1,0.9,0.9,0.9,0.9,-1,-1,0.9
262.txt,0.300990099009901,1.0,0.2524752475247525,0.6,0.2,-1,0.1,0.4,0.4,0.6,0.2,-1
263.txt,0.15148514851485148,0.504950495049505,0.0,0.0,0.3,-1,0.15,0.15,0.15,0.0,0.3,-1
264.txt,0.2524752475247525,0.504950495049505,0.0,-1,0.2524752475247525,-1,0.25,0.25,0.25,-1,0.25,-1
265.txt,0.2524752475247525,0.504950495049505,0.0,-1,0.2524752475247525,-1,0.25,0.25,0.25,-1,0.25,-1
266.txt,0.4,1.0,0.0,-1,0.4,-1,0.4,0.4,0.4,-1,0.4,-1
267.txt,0.6,1.0,1.0,-1,0.6,-1,0.6,0.6,0.6,-1,0.6,-1
268.txt,0.7,1.0,1.0,-1,0.7,-1,0.35,0.7,0.7,-1,0.7,-1
269.txt,0.5900990099009901,1.0,0.33663366336633666,0.45,0.4,0.9,0.3,0.5999999999999999,0.5999999999999999,0.5,0.4,0.9
ROW_2289_6.jpg.txt,0.7,1.0,1.0,-1,0.7,0.700990099009901,0.26666666666666666,0.7,0.7,-1,0.7,0.7
ROW_2787_1.jpg.txt,0.4,1.0,0.0,-1,-1,0.4,0.4,0.4,0.4,-1,-1,0.4
ROW_3241_1.jpg.txt,0.5,1.0,0.0,-1,0.5,-1,0.5,0.5,0.5,-1,0.5,-1
ROW_391_42.jpg.txt,0.401980198019802,0.7524752475247525,0.33663366336633666,0.0,0.5326732673267326,-1,0.1,0.45,0.45,0.0,0.6,-1
ROW_425_59.jpg.txt,0.6029702970297028,1.0,0.504950495049505,0.3,0.9,-1,0.45,0.6,0.6,0.3,0.9,-1
ROW_512_12.jpg.txt,0.299009900990099,0.6633663366336634,0.0,0.0,0.45049504950495045,-1,0.16666666666666666,0.3,0.3,0.0,0.45,-1
ROW_5421_1.jpg.txt,0.5,1.0,0.0,-1,0.5,-1,0.25,0.5,0.5,-1,0.5,-1
ROW_577_11.jpg.txt,0.5252475247524753,1.0,0.2524752475247525,-1,0.5252475247524753,-1,0.25,0.55,0.55,-1,0.55,-1
ROW_6124_2.jpg.txt,0.5,1.0,0.0,-1,0.5,-1,0.5,0.5,0.5,-1,0.5,-1
ROW_6532_1.jpg.txt,0.8252475247524753,1.0,1.0,-1,0.8252475247524753,-1,0.4,0.85,0.85,-1,0.85,-1
ROW_7027_2.jpg.txt,0.403960396039604,0.504950495049505,0.504950495049505,-1,0.403960396039604,-1,0.4,0.4,0.4,-1,0.4,-1
ROW_7383_6.jpg.txt,0.6514851485148515,1.0,0.504950495049505,-1,0.5,0.8,0.4,0.65,0.65,-1,0.5,0.8
ROW_7764_5.jpg.txt,0.0,0.0,0.0,-1,0.0,-1,0.0,0.0,0.0,-1,0.0,-1
ROW_8757_1.jpg.txt,0.7,1.0,1.0,-1,0.7,0.7,0.35,0.7,0.7,-1,0.7,0.7
ROW_9060_9.jpg.txt,0.8,1.0,1.0,-1,0.8,-1,0.4,0.8,0.8,-1,0.8,-1
ROW_9484_7.jpg.txt,0.8663366336633663,1.0,1.0,-1,0.8663366336633663,-1,0.33333333333333337,0.8666666666666666,0.8666666666666666,-1,0.8666666666666666,-1
29.txt,0.42524752475247524,1.0,0.0,-1,0.45049504950495045,-1,0.2,0.45,0.45,-1,0.45,-1
290.txt,0.4343234323432344,0.8349834983498351,0.16831683168316833,-1,0.5,0.6,0.25,0.55,0.55,-1,0.5,0.6
291.txt,0.5,1.0,0.0,-1,0.5,-1,0.5,0.5,0.5,-1,0.5,-1
292.txt,0.4,1.0,0.0,-1,0.4,-1,0.4,0.4,0.4,-1,0.4,-1
293.txt,0.5610561056105611,1.0,0.4422442244224422,-1,-1,0.5610561056105611,0.16666666666666666,0.6,0.6,-1,-1,0.6
294.txt,0.6,1.0,1.0,-1,-1,0.6,0.6,0.6,0.6,-1,-1,0.6
295.txt,0.4,0.5,0.5,-1,-1,0.8,0.0,0.8,0.8,-1,-1,0.8
296.txt,0.35346534653465345,0.504950495049505,0.504950495049505,-1,0.0,0.7,0.35,0.35,0.35,-1,0.0,0.7
297.txt,0.25,0.5,0.0,-1,-1,0.5,0.0,0.5,0.5,-1,-1,0.5
298.txt,0.3579207920792079,0.5,0.3316831683168317,-1,0.3000000000000001,0.6514851485148515,0.0,0.7333333333333333,0.7333333333333333,-1,0.9,0.65
299.txt,0.27574257425742577,1.0,0.0,-1,0.2,0.5,0.1,0.35,0.35,-1,0.2,0.5
3.txt,0.8,1.0,1.0,-1,-1,0.8,0.8,0.8,0.8,-1,-1,0.8
30.txt,0.6326732673267327,1.0,0.6633663366336634,-1,0.6326732673267327,-1,0.2333333333333333,0.6333333333333333,0.6333333333333333,-1,0.6333333333333333,-1
300.txt,0.5,1.0,0.0,-1,-1,0.5,0.5,0.5,0.5,-1,-1,0.5
301.txt,0.3,1.0,0.0,-1,-1,0.3,0.3,0.3,0.3,-1,-1,0.3
302.txt,0.5,1.0,0.0,-1,-1,0.5,0.5,0.5,0.5,-1,-1,0.5
303.txt,0.7,1.0,1.0,-1,0.7,-1,0.7,0.7,0.7,-1,0.7,-1
304.txt,0.7,1.0,1.0,-1,0.7,-1,0.7,0.7,0.7,-1,0.7,-1
305.txt,0.8252475247524753,1.0,1.0,-1,0.8252475247524753,-1,0.4,0.85,0.85,-1,0.85,-1
306.txt,0.8,1.0,1.0,-1,-1,0.8,0.8,0.8,0.8,-1,-1,0.8
308.txt,0.7,1.0,1.0,-1,-1,0.7,0.7,0.7,0.7,-1,-1,0.7
309.txt,0.7,1.0,1.0,-1,-1,0.7,0.7,0.7,0.7,-1,-1,0.7
31.txt,0.5,1.0,0.0,-1,0.5,-1,0.5,0.5,0.5,-1,0.5,-1
310.txt,0.7504950495049505,1.0,1.0,-1,0.7,0.8,0.4,0.75,0.75,-1,0.7,0.8
311.txt,0.7504950495049505,1.0,1.0,-1,-1,0.7504950495049505,0.35,0.8,0.8,-1,-1,0.8
312.txt,0.5359735973597359,0.8349834983498351,0.504950495049505,-1,0.2,0.8,0.4,0.6,0.6,-1,0.4,0.8
313.txt,0.30297029702970296,0.504950495049505,0.504950495049505,0.30297029702970296,-1,-1,0.3,0.3,0.3,0.3,-1,-1
314.txt,0.2,1.0,0.0,-1,0.2,-1,0.2,0.2,0.2,-1,0.2,-1
315.txt,0.6,1.0,1.0,-1,0.6,-1,0.6,0.6,0.6,-1,0.6,-1
316.txt,0.2,1.0,0.0,-1,0.2,-1,0.2,0.2,0.2,-1,0.2,-1
317.txt,0.0,0.0,0.0,-1,0.0,-1,0.0,0.0,0.0,-1,0.0,-1
318.txt,0.4,1.0,0.0,-1,0.4,-1,0.4,0.4,0.4,-1,0.4,-1
319.txt,0.17574257425742573,1.0,0.0,-1,0.17574257425742573,-1,0.05,0.25,0.25,-1,0.25,-1
32.txt,0.7,1.0,1.0,-1,0.7,-1,0.7,0.7,0.7,-1,0.7,-1
320.txt,0.0,0.0,0.0,0.0,-1,-1,0.0,0.0,0.0,0.0,-1,-1
321.txt,0.403960396039604,0.504950495049505,0.504950495049505,-1,0.403960396039604,-1,0.4,0.4,0.4,-1,0.4,-1
322.txt,0.5,1.0,0.0,-1,0.5,-1,0.5,0.5,0.5,-1,0.5,-1
323.txt,0.6,1.0,1.0,-1,0.6,-1,0.6,0.6,0.6,-1,0.6,-1
324.txt,0.0,0.0,0.0,-1,0.0,-1,0.0,0.0,0.0,-1,0.0,-1
325.txt,0.0,0.0,0.0,0.0,-1,-1,0.0,0.0,0.0,0.0,-1,-1
327.txt,0.6,1.0,1.0,-1,-1,0.6,0.6,0.6,0.6,-1,-1,0.6
328.txt,0.6,1.0,1.0,-1,0.6,-1,0.6,0.6,0.6,-1,0.6,-1
329.txt,0.7,1.0,1.0,-1,0.7,-1,0.7,0.7,0.7,-1,0.7,-1
33.txt,0.5,1.0,0.0,-1,0.5,-1,0.5,0.5,0.5,-1,0.5,-1
330.txt,0.4,1.0,0.0,-1,-1,0.4,0.4,0.4,0.4,-1,-1,0.4
331.txt,0.6,1.0,1.0,-1,-1,0.6,0.6,0.6,0.6,-1,-1,0.6
332.txt,0.15,0.5,0.0,-1,-1,0.3,0.0,0.3,0.3,-1,-1,0.3
333.txt,0.42524752475247524,1.0,0.0,-1,0.5,0.4,0.2,0.45,0.45,-1,0.5,0.4
334.txt,0.5,1.0,0.0,-1,0.5,-1,0.25,0.5,0.5,-1,0.5,-1
335.txt,0.299009900990099,0.6633663366336634,0.0,0.0,0.45049504950495045,-1,0.16666666666666666,0.3,0.3,0.0,0.45,-1
336.txt,0.16831683168316833,0.33663366336633666,0.0,0.0,0.5,-1,0.16666666666666666,0.16666666666666666,0.16666666666666666,0.0,0.5,-1
337.txt,0.7504950495049505,1.0,1.0,-1,0.7504950495049505,-1,0.4,0.75,0.75,-1,0.75,-1
338.txt,0.4757425742574258,1.0,0.2524752475247525,-1,0.4757425742574258,-1,0.2,0.55,0.55,-1,0.55,-1
339.txt,0.5252475247524753,1.0,0.2524752475247525,-1,0.5252475247524753,-1,0.25,0.55,0.55,-1,0.55,-1
34.txt,0.0,0.0,0.0,-1,-1,0.0,0.0,0.0,0.0,-1,-1,0.0
340.txt,0.6,1.0,1.0,-1,0.6,-1,0.6,0.6,0.6,-1,0.6,-1
341.txt,0.4782178217821782,0.7524752475247525,0.504950495049505,-1,0.2524752475247525,0.700990099009901,0.2,0.475,0.475,-1,0.25,0.7
342.txt,0.8504950495049505,1.0,1.0,-1,-1,0.8504950495049505,0.45,0.85,0.85,-1,-1,0.85
343.txt,0.43696369636963694,0.7524752475247525,0.4224422442244225,0.0,0.45049504950495045,0.8,0.2,0.45,0.45,0.0,0.5,0.8
344.txt,0.201980198019802,0.504950495049505,0.0,-1,0.0,0.4,0.2,0.2,0.2,-1,0.0,0.4
346.txt,0.403960396039604,0.504950495049505,0.504950495049505,-1,-1,0.403960396039604,0.4,0.4,0.4,-1,-1,0.4
347.txt,0.6524752475247524,1.0,0.504950495049505,-1,0.4,0.9,0.45,0.65,0.65,-1,0.4,0.9
348.txt,0.7504950495049505,1.0,1.0,-1,0.9,0.7,0.35,0.8,0.8,-1,0.9,0.7
349.txt,0.7,1.0,1.0,-1,-1,0.7,0.7,0.7,0.7,-1,-1,0.7
35.txt,0.7,1.0,1.0,-1,0.7,-1,0.7,0.7,0.7,-1,0.7,-1
350.txt,0.7,1.0,1.0,-1,-1,0.7,0.7,0.7,0.7,-1,-1,0.7
351.txt,0.6,1.0,1.0,-1,0.6,-1,0.3,0.6,0.6,-1,0.6,-1
352.txt,0.8554455445544555,1.0,1.0,-1,0.8554455445544555,-1,0.3,0.8666666666666666,0.8666666666666666,-1,0.8666666666666666,-1
353.txt,0.2356435643564357,0.33663366336633666,0.33663366336633666,0.0,0.7,-1,0.2333333333333333,0.2333333333333333,0.2333333333333333,0.0,0.7,-1
354.txt,0.7,1.0,1.0,-1,-1,0.7,0.7,0.7,0.7,-1,-1,0.7
355.txt,0.8,1.0,1.0,-1,-1,0.8,0.8,0.8,0.8,-1,-1,0.8
356.txt,0.0,0.0,0.0,-1,-1,0.0,0.0,0.0,0.0,-1,-1,0.0
357.txt,0.5757425742574258,1.0,0.2524752475247525,-1,0.5757425742574258,-1,0.25,0.65,0.65,-1,0.65,-1
358.txt,0.7504950495049505,1.0,1.0,-1,0.7504950495049505,-1,0.35,0.8,0.8,-1,0.8,-1
359.txt,0.6,1.0,1.0,-1,-1,0.6,0.6,0.6,0.6,-1,-1,0.6
36.txt,0.4544554455445544,0.504950495049505,0.504950495049505,-1,0.4544554455445544,-1,0.45,0.45,0.45,-1,0.45,-1
360.txt,0.5475247524752476,0.6633663366336634,0.6633663366336634,0.8,0.0,0.9,0.26666666666666666,0.5666666666666667,0.5666666666666667,0.8,0.0,0.9
361.txt,0.30297029702970296,0.33663366336633666,0.33663366336633666,0.0,0.4544554455445544,-1,0.3,0.3,0.3,0.0,0.45,-1
362.txt,0.6252475247524752,1.0,1.0,0.7,0.6,-1,0.3,0.65,0.65,0.7,0.6,-1
363.txt,0.5,1.0,0.0,-1,0.5,-1,0.5,0.5,0.5,-1,0.5,-1
365.txt,0.700990099009901,1.0,1.0,-1,0.700990099009901,-1,0.4,0.7,0.7,-1,0.7,-1
366.txt,0.5514851485148514,1.0,0.2524752475247525,-1,0.4,1.0,0.2,0.7,0.7,-1,0.4,1.0
367.txt,0.5,1.0,0.0,-1,0.5,-1,0.25,0.5,0.5,-1,0.5,-1
368.txt,0.43168316831683173,0.6633663366336634,0.6633663366336634,0.0,0.6504950495049504,-1,0.2,0.4666666666666666,0.4666666666666666,0.0,0.7,-1
369.txt,0.34851485148514855,0.6633663366336634,0.16831683168316833,0.0,0.5504950495049504,-1,0.16666666666666666,0.36666666666666664,0.36666666666666664,0.0,0.55,-1
37.txt,0.7504950495049505,1.0,1.0,-1,0.7504950495049505,-1,0.4,0.75,0.75,-1,0.75,-1
370.txt,0.403960396039604,0.504950495049505,0.504950495049505,0.0,0.8,-1,0.4,0.4,0.4,0.0,0.8,-1
371.txt,0.35346534653465345,0.504950495049505,0.504950495049505,-1,0.7,0.0,0.35,0.35,0.35,-1,0.7,0.0
372.txt,0.35346534653465345,0.504950495049505,0.504950495049505,0.0,0.7,-1,0.35,0.35,0.35,0.0,0.7,-1
373.txt,0.7,1.0,1.0,-1,0.7,-1,0.7,0.7,0.7,-1,0.7,-1
374.txt,0.7,1.0,1.0,-1,0.7,-1,0.7,0.7,0.7,-1,0.7,-1
375.txt,0.6252475247524752,1.0,1.0,-1,0.6252475247524752,-1,0.3,0.65,0.65,-1,0.65,-1
376.txt,0.402970297029703,1.0,0.504950495049505,-1,0.402970297029703,-1,0.35,0.4,0.4,-1,0.4,-1
377.txt,0.4,1.0,0.0,-1,0.4,-1,0.4,0.4,0.4,-1,0.4,-1
378.txt,0.35346534653465345,0.504950495049505,0.504950495049505,-1,0.0,0.7,0.35,0.35,0.35,-1,0.0,0.7
379.txt,0.403960396039604,0.504950495049505,0.504950495049505,0.0,0.8,-1,0.4,0.4,0.4,0.0,0.8,-1
38.txt,0.8,1.0,1.0,-1,0.8,-1,0.8,0.8,0.8,-1,0.8,-1
380.txt,0.5,1.0,0.0,-1,0.5,-1,0.5,0.5,0.5,-1,0.5,-1
381.txt,0.8,1.0,1.0,-1,0.8,-1,0.8,0.8,0.8,-1,0.8,-1
382.txt,0.24356435643564361,0.40594059405940597,0.40594059405940597,0.0,0.30297029702970296,-1,0.12000000000000002,0.24000000000000005,0.24000000000000005,0.0,0.3,-1
384.txt,0.7227722772277227,1.0,1.0,-1,0.7514851485148515,0.7,0.3,0.7333333333333333,0.7333333333333333,-1,0.75,0.7
385.txt,0.600990099009901,1.0,0.504950495049505,-1,0.600990099009901,-1,0.35,0.6,0.6,-1,0.6,-1
386.txt,0.9,1.0,1.0,-1,-1,0.9,0.9,0.9,0.9,-1,-1,0.9
387.txt,0.43168316831683173,0.6633663366336634,0.6633663366336634,-1,0.35346534653465345,0.6,0.2333333333333333,0.4333333333333333,0.4333333333333333,-1,0.35,0.6
388.txt,0.9,1.0,1.0,-1,-1,0.9,0.9,0.9,0.9,-1,-1,0.9
389.txt,0.36534653465346534,0.6633663366336634,0.16831683168316833,-1,0.2524752475247525,0.7,0.16666666666666666,0.4,0.4,-1,0.25,0.7
39.txt,0.8,1.0,1.0,-1,0.8,-1,0.8,0.8,0.8,-1,0.8,-1
390.txt,0.35346534653465345,0.504950495049505,0.504950495049505,0.0,0.35346534653465345,0.7,0.175,0.35,0.35,0.0,0.35,0.7
391.txt,0.08316831683168316,0.2079207920792079,0.0,0.0,0.4,-1,0.08,0.08,0.08,0.0,0.4,-1
392.txt,0.401980198019802,0.7524752475247525,0.33663366336633666,0.0,0.5326732673267326,-1,0.1,0.45,0.45,0.0,0.6,-1
393.txt,0.30297029702970296,0.504950495049505,0.504950495049505,-1,0.6,0.0,0.3,0.3,0.3,-1,0.6,0.0
394.txt,0.100990099009901,0.504950495049505,0.0,-1,0.100990099009901,-1,0.1,0.1,0.1,-1,0.1,-1
395.txt,0.6029702970297028,1.0,0.504950495049505,0.3,0.9,-1,0.45,0.6,0.6,0.3,0.9,-1
396.txt,0.5504950495049504,1.0,0.504950495049505,-1,0.5,0.6,0.3,0.55,0.55,-1,0.5,0.6
397.txt,0.8,1.0,1.0,-1,-1,0.8,0.8,0.8,0.8,-1,-1,0.8
398.txt,0.2821782178217822,0.6633663366336634,0.0,0.0,0.42524752475247524,-1,0.13333333333333333,0.3,0.3,0.0,0.45,-1
399.txt,0.26633663366336635,1.0,0.0,-1,0.26633663366336635,-1,0.1,0.26666666666666666,0.26666666666666666,-1,0.26666666666666666,-1
4.txt,0.6,1.0,1.0,-1,-1,0.6,0.6,0.6,0.6,-1,-1,0.6
40.txt,0.8,1.0,1.0,-1,0.8,-1,0.8,0.8,0.8,-1,0.8,-1
400.txt,0.0,0.0,0.0,0.0,-1,-1,0.0,0.0,0.0,0.0,-1,-1
402.txt,0.1,1.0,0.0,-1,0.1,-1,0.1,0.1,0.1,-1,0.1,-1
403.txt,0.9,1.0,1.0,-1,0.9,-1,0.9,0.9,0.9,-1,0.9,-1
404.txt,0.7,1.0,1.0,-1,0.7,-1,0.7,0.7,0.7,-1,0.7,-1
405.txt,0.500990099009901,1.0,0.504950495049505,-1,0.6,0.4,0.3,0.5,0.5,-1,0.6,0.4
406.txt,0.2524752475247525,0.504950495049505,0.0,-1,0.0,0.5,0.25,0.25,0.25,-1,0.0,0.5
407.txt,0.5252475247524753,1.0,0.2524752475247525,-1,0.5,0.6,0.25,0.55,0.55,-1,0.5,0.6
408.txt,0.3,1.0,0.0,-1,-1,0.3,0.3,0.3,0.3,-1,-1,0.3
409.txt,0.0,0.0,0.0,-1,0.0,-1,0.0,0.0,0.0,-1,0.0,-1
41.txt,0.8,1.0,1.0,-1,-1,0.8,0.8,0.8,0.8,-1,-1,0.8
410.txt,0.42524752475247524,1.0,0.0,-1,0.42524752475247524,-1,0.2,0.45,0.45,-1,0.45,-1
411.txt,0.5475247524752476,0.6633663366336634,0.6633663366336634,-1,0.5475247524752476,-1,0.26666666666666666,0.5666666666666667,0.5666666666666667,-1,0.5666666666666667,-1
412.txt,0.7838283828382838,1.0,1.0,0.9,0.7663366336633664,-1,0.2,0.8,0.8,0.9,0.7666666666666666,-1
413.txt,0.5,1.0,0.0,-1,0.5,-1,0.5,0.5,0.5,-1,0.5,-1
414.txt,0.1,1.0,0.0,-1,0.1,-1,0.1,0.1,0.1,-1,0.1,-1
415.txt,0.8,1.0,1.0,-1,0.8,-1,0.8,0.8,0.8,-1,0.8,-1
416.txt,0.7757425742574257,1.0,1.0,-1,0.7757425742574257,-1,0.35,0.85,0.85,-1,0.85,-1
417.txt,0.6,1.0,1.0,-1,0.6,-1,0.6,0.6,0.6,-1,0.6,-1
418.txt,0.3900990099009901,0.7524752475247525,0.504950495049505,0.0,0.5326732673267327,-1,0.15,0.4,0.4,0.0,0.5333333333333333,-1
419.txt,0.5,1.0,0.0,-1,0.5,-1,0.5,0.5,0.5,-1,0.5,-1
42.txt,0.8,1.0,1.0,-1,-1,0.8,0.8,0.8,0.8,-1,-1,0.8
421.txt,0.5,1.0,0.0,-1,0.5,-1,0.5,0.5,0.5,-1,0.5,-1
422.txt,0.7,1.0,1.0,-1,-1,0.7,0.7,0.7,0.7,-1,-1,0.7
423.txt,0.6,1.0,1.0,-1,0.6,0.6,0.3,0.6,0.6,-1,0.6,0.6
424.txt,0.7,1.0,1.0,-1,-1,0.7,0.2333333333333333,0.7,0.7,-1,-1,0.7
425.txt,0.7326732673267327,1.0,1.0,-1,0.6,0.8,0.26666666666666666,0.7333333333333333,0.7333333333333333,-1,0.6,0.8
426.txt,0.525,0.8341584158415841,0.3316831683168317,-1,-1,0.6438943894389438,0.16666666666666666,0.7333333333333333,0.7333333333333333,-1,-1,0.7333333333333333
427.txt,0.7,1.0,1.0,-1,-1,0.7,0.7,0.7,0.7,-1,-1,0.7
428.txt,0.4204620462046204,0.7524752475247525,0.25742574257425743,-1,0.4,0.5,0.2,0.425,0.425,-1,0.4,0.5
429.txt,0.7,1.0,1.0,-1,0.7,0.7,0.35,0.7,0.7,-1,0.7,0.7
43.txt,0.8,1.0,1.0,-1,-1,0.8,0.8,0.8,0.8,-1,-1,0.8
430.txt,0.8,1.0,1.0,-1,-1,0.8,0.8,0.8,0.8,-1,-1,0.8
431.txt,0.9,1.0,1.0,-1,0.9,-1,0.9,0.9,0.9,-1,0.9,-1
432.txt,0.6252475247524752,1.0,1.0,-1,0.6252475247524752,-1,0.3,0.65,0.65,-1,0.65,-1
433.txt,0.5475247524752476,0.6633663366336634,0.6633663366336634,0.0,0.9,0.8,0.26666666666666666,0.5666666666666667,0.5666666666666667,0.0,0.9,0.8
434.txt,0.2524752475247525,0.504950495049505,0.0,0.0,0.5,-1,0.25,0.25,0.25,0.0,0.5,-1
435.txt,0.43168316831683173,0.6633663366336634,0.6633663366336634,-1,0.0,0.6504950495049504,0.2333333333333333,0.4333333333333333,0.4333333333333333,-1,0.0,0.65
436.txt,0.35346534653465345,0.504950495049505,0.504950495049505,-1,0.35346534653465345,-1,0.35,0.35,0.35,-1,0.35,-1
437.txt,0.5,1.0,0.0,-1,-1,0.5,0.5,0.5,0.5,-1,-1,0.5
438.txt,0.27574257425742577,1.0,0.0,-1,0.27574257425742577,-1,0.1,0.35,0.35,-1,0.35,-1
439.txt,0.5171617161716173,0.6666666666666669,0.6666666666666669,-1,0.8009900990099009,-1,0.0,0.8,0.8,-1,0.8,-1
440.txt,0.7,1.0,1.0,-1,0.7,-1,0.7,0.7,0.7,-1,0.7,-1
441.txt,0.8,1.0,1.0,-1,-1,0.8,0.8,0.8,0.8,-1,-1,0.8
442.txt,0.2,1.0,0.0,-1,-1,0.2,0.2,0.2,0.2,-1,-1,0.2
443.txt,0.5,1.0,0.0,-1,0.5,-1,0.5,0.5,0.5,-1,0.5,-1
444.txt,0.4,1.0,0.0,-1,0.4,-1,0.4,0.4,0.4,-1,0.4,-1
445.txt,0.7,1.0,1.0,-1,0.7,-1,0.7,0.7,0.7,-1,0.7,-1
446.txt,0.700990099009901,1.0,1.0,-1,0.700990099009901,-1,0.4,0.7,0.7,-1,0.7,-1
447.txt,0.133993399339934,0.6666666666666669,0.0,-1,0.200990099009901,-1,0.0,0.3,0.3,-1,0.3,-1
448.txt,0.6,1.0,1.0,-1,0.6,-1,0.6,0.6,0.6,-1,0.6,-1
449.txt,0.8,1.0,1.0,-1,0.8,-1,0.8,0.8,0.8,-1,0.8,-1
45.txt,0.8,1.0,1.0,-1,-1,0.8,0.8,0.8,0.8,-1,-1,0.8
450.txt,0.4,1.0,0.0,-1,-1,0.4,0.4,0.4,0.4,-1,-1,0.4
451.txt,0.30297029702970296,0.504950495049505,0.504950495049505,-1,0.30297029702970296,-1,0.3,0.3,0.3,-1,0.3,-1
452.txt,0.2,0.5,0.0,-1,0.2,-1,0.0,0.4,0.4,-1,0.4,-1
453.txt,0.8,1.0,1.0,-1,0.8,-1,0.8,0.8,0.8,-1,0.8,-1
454.txt,0.5,1.0,0.0,-1,0.5,-1,0.5,0.5,0.5,-1,0.5,-1
455.txt,0.7,1.0,1.0,-1,-1,0.7,0.7,0.7,0.7,-1,-1,0.7
456.txt,0.8,1.0,1.0,-1,-1,0.8,0.8,0.8,0.8,-1,-1,0.8
457.txt,0.1,1.0,0.0,-1,0.1,-1,0.1,0.1,0.1,-1,0.1,-1
458.txt,0.3,1.0,0.0,-1,0.3,-1,0.3,0.3,0.3,-1,0.3,-1
459.txt,0.9,1.0,1.0,-1,-1,0.9,0.9,0.9,0.9,-1,-1,0.9
48.txt,0.6252475247524752,1.0,1.0,-1,0.6252475247524752,-1,0.3,0.65,0.65,-1,0.65,-1
480.txt,0.6,1.0,1.0,-1,-1,0.6,0.6,0.6,0.6,-1,-1,0.6
481.txt,0.23234323432343232,0.4422442244224422,0.1122112211221122,-1,0.34851485148514855,-1,0.0,0.36666666666666664,0.36666666666666664,-1,0.36666666666666664,-1
482.txt,0.5,1.0,0.0,-1,0.5,-1,0.5,0.5,0.5,-1,0.5,-1
483.txt,0.0,0.0,0.0,-1,0.0,-1,0.0,0.0,0.0,-1,0.0,-1
484.txt,0.0,0.0,0.0,-1,0.0,-1,0.0,0.0,0.0,-1,0.0,-1
485.txt,0.7,1.0,1.0,-1,0.7,-1,0.35,0.7,0.7,-1,0.7,-1
49.txt,0.9,1.0,1.0,-1,0.9,-1,0.45,0.9,0.9,-1,0.9,-1
5.txt,0.8,1.0,1.0,-1,-1,0.8,0.8,0.8,0.8,-1,-1,0.8
50.txt,0.25,0.5,0.0,-1,-1,0.5,0.0,0.5,0.5,-1,-1,0.5
51.txt,0.35346534653465345,0.504950495049505,0.504950495049505,-1,0.35346534653465345,-1,0.35,0.35,0.35,-1,0.35,-1
52.txt,0.8,1.0,1.0,-1,0.8,0.8,0.4,0.8,0.8,-1,0.8,0.8
53.txt,0.8,1.0,1.0,-1,-1,0.8,0.8,0.8,0.8,-1,-1,0.8
54.txt,0.2524752475247525,0.504950495049505,0.0,-1,-1,0.2524752475247525,0.25,0.25,0.25,-1,-1,0.25
55.txt,0.9,1.0,1.0,-1,0.9,-1,0.9,0.9,0.9,-1,0.9,-1
56.txt,0.8,1.0,1.0,-1,0.8,-1,0.8,0.8,0.8,-1,0.8,-1
57.txt,0.600990099009901,1.0,0.504950495049505,-1,0.600990099009901,-1,0.35,0.6,0.6,-1,0.6,-1
58.txt,0.4,1.0,0.0,-1,0.4,-1,0.4,0.4,0.4,-1,0.4,-1
59.txt,0.7,1.0,1.0,-1,0.7,-1,0.7,0.7,0.7,-1,0.7,-1
6.txt,0.9,1.0,1.0,-1,-1,0.9,0.9,0.9,0.9,-1,-1,0.9
60.txt,0.6,1.0,1.0,-1,0.6,-1,0.6,0.6,0.6,-1,0.6,-1
61.txt,0.8,1.0,1.0,-1,-1,0.8,0.8,0.8,0.8,-1,-1,0.8
62.txt,0.2,1.0,0.0,-1,0.2,-1,0.2,0.2,0.2,-1,0.2,-1
63.txt,0.5,1.0,0.0,-1,0.5,-1,0.5,0.5,0.5,-1,0.5,-1
64.txt,0.6,1.0,1.0,-1,-1,0.6,0.6,0.6,0.6,-1,-1,0.6
all_images,0.6,1.0,1.0,-1,-1,0.6,0.6,0.6,0.6,-1,-1,0.6
